Fecha,Aguascalientes,Baja California,Baja California Sur,CDMX,Campeche,Chiapas,Chihuahua,Coahuila,Colima,Durango,Guanajuato,Guerrero,Hidalgo,Jalisco,Michoacán,Morelos,México,Nayarit,Nuevo León,Oaxaca,Puebla,Querétaro,Quintana Roo,San Luis Potosí,Sinaloa,Sonora,Tabasco,Tamaulipas,Tlaxcala,Veracruz,Yucatán,Zacatecas,semana
2020-02-19,0,0,0,0,0,0,0,0,0,0,0,0,0,0,0,0,1,0,0,0,0,0,0,0,0,0,0,0,0,0,0,0,2020-s08
2020-02-22,0,0,0,1,0,0,0,0,0,0,0,0,1,0,0,0,0,0,0,0,0,0,0,0,0,0,0,0,0,0,0,0,2020-s08
2020-02-23,0,0,0,1,0,0,0,0,0,0,0,0,0,0,0,0,0,0,0,0,0,0,0,0,0,0,0,0,0,0,0,0,2020-s08
2020-02-25,0,0,0,0,0,1,0,0,0,0,0,0,0,0,0,0,0,0,0,0,0,0,0,0,0,0,0,0,0,0,0,0,2020-s09
2020-02-26,0,0,0,0,0,0,0,0,0,0,0,0,0,0,0,0,1,0,0,0,0,0,0,0,0,0,0,0,0,0,0,0,2020-s09
2020-02-27,0,0,0,0,0,0,0,1,0,0,0,0,0,0,0,0,1,0,0,0,0,0,0,0,0,0,0,0,0,0,0,0,2020-s09
2020-02-28,0,0,0,2,0,0,0,0,0,0,0,0,0,0,0,0,0,0,0,1,0,0,0,0,0,0,0,0,0,0,0,0,2020-s09
2020-02-29,0,0,0,1,0,0,0,1,0,0,0,0,0,0,0,0,3,0,0,0,0,0,0,0,0,0,0,0,0,0,0,0,2020-s09
2020-03-01,0,0,0,4,0,0,0,0,0,0,3,0,0,2,0,0,0,0,0,0,0,0,1,0,1,0,0,0,0,0,0,0,2020-s09
2020-03-02,0,0,0,6,0,0,0,0,0,0,4,0,0,0,0,1,4,1,2,0,0,0,0,0,0,0,0,0,0,0,0,1,2020-s10
2020-03-03,0,0,0,7,0,0,0,0,0,0,7,0,0,0,0,0,3,0,0,0,0,0,0,0,0,0,0,0,0,1,0,1,2020-s10
2020-03-04,0,0,0,5,0,0,0,1,0,0,3,0,0,1,0,0,3,0,1,0,0,0,0,0,0,0,1,0,0,0,0,0,2020-s10
2020-03-05,0,0,0,4,0,0,0,0,0,0,3,0,0,0,0,0,1,0,1,0,2,1,0,0,0,0,0,0,0,0,0,0,2020-s10
2020-03-06,0,0,0,7,0,0,0,0,0,1,3,0,0,2,0,0,1,0,1,0,0,0,0,0,0,0,0,0,1,0,0,0,2020-s10
2020-03-07,1,0,0,9,0,0,0,0,0,0,1,0,0,1,0,0,5,0,2,0,0,0,0,0,0,0,0,0,1,0,1,0,2020-s10
2020-03-08,0,0,0,8,1,0,0,0,0,0,2,1,1,3,0,0,3,0,2,0,2,1,1,0,0,0,0,0,0,0,3,1,2020-s10
2020-03-09,0,1,0,22,1,0,0,0,0,1,2,1,0,3,1,1,11,0,9,1,5,1,1,1,1,0,3,0,0,0,1,2,2020-s11
2020-03-10,1,0,0,24,0,0,0,1,0,0,1,0,0,4,0,1,4,1,3,1,3,4,2,0,0,1,2,0,1,0,3,3,2020-s11
2020-03-11,0,2,0,22,0,0,0,0,0,1,2,1,1,6,0,0,7,1,6,0,3,2,3,1,0,2,0,0,0,0,3,1,2020-s11
2020-03-12,1,2,0,36,1,0,2,1,1,0,2,1,0,8,0,0,17,0,3,3,4,0,1,1,1,2,0,0,1,4,1,1,2020-s11
2020-03-13,0,4,1,42,0,1,1,1,0,0,9,1,1,9,0,0,17,0,7,0,5,1,3,0,0,1,2,1,0,0,5,0,2020-s11
2020-03-14,1,3,0,38,0,1,0,0,0,0,6,0,2,8,0,1,14,0,8,0,4,1,4,2,2,0,2,2,0,4,3,0,2020-s11
2020-03-15,1,4,0,41,0,0,1,1,1,1,7,3,1,2,8,0,15,1,9,0,4,1,6,4,2,1,1,0,0,3,1,0,2020-s11
2020-03-16,2,5,3,49,0,0,1,3,0,0,12,1,0,6,1,1,18,0,4,1,14,2,2,2,4,2,3,3,2,2,2,2,2020-s12
2020-03-17,2,5,1,43,0,0,1,3,0,0,5,3,1,13,2,1,26,1,8,0,6,4,3,1,2,5,2,0,0,2,7,1,2020-s12
2020-03-18,4,11,1,40,0,0,3,4,0,2,4,2,2,8,4,1,20,0,6,0,7,2,7,4,2,1,6,0,0,4,5,4,2020-s12
2020-03-19,2,10,0,44,0,0,2,3,0,1,1,2,2,0,0,1,22,1,5,2,3,0,5,2,4,2,8,0,0,3,10,3,2020-s12
2020-03-20,3,15,1,73,1,2,5,5,0,0,8,4,4,9,1,2,34,0,5,3,10,3,7,1,10,2,5,3,0,7,4,0,2020-s12
2020-03-21,0,6,4,32,0,2,3,6,0,0,5,3,1,10,0,2,32,1,3,1,11,2,9,2,6,0,5,2,0,3,5,2,2020-s12
2020-03-22,5,6,5,43,0,3,2,3,0,0,7,1,0,6,4,2,37,0,4,1,11,2,6,3,8,5,4,2,1,2,5,2,2020-s12
2020-03-23,9,18,5,68,2,4,2,10,0,3,4,3,6,7,5,4,39,0,3,4,16,4,11,0,16,3,7,1,1,5,3,0,2020-s13
2020-03-24,5,21,2,53,0,1,4,7,1,1,4,1,3,4,2,1,38,2,2,1,8,0,7,6,14,3,7,1,2,5,3,0,2020-s13
2020-03-25,5,21,5,63,2,4,5,10,1,2,3,1,2,5,4,4,46,0,2,1,5,4,13,4,10,2,11,6,2,5,3,0,2020-s13
2020-03-26,4,26,6,98,0,0,7,16,0,0,7,3,3,2,2,2,63,0,3,3,8,3,7,1,13,4,6,4,0,4,3,0,2020-s13
2020-03-27,6,29,9,67,1,3,2,21,0,0,6,0,4,8,3,3,62,2,2,3,18,3,23,5,14,5,7,3,1,5,4,2,2020-s13
2020-03-28,2,28,10,73,2,4,9,15,2,1,4,1,2,2,1,3,43,1,2,5,29,0,17,2,11,5,16,2,9,3,7,0,2020-s13
2020-03-29,3,39,4,61,0,1,8,17,1,1,0,2,5,4,1,1,46,0,2,2,35,1,19,2,15,0,13,1,3,6,10,0,2020-s13
2020-03-30,4,45,15,109,2,2,7,25,0,2,1,4,7,8,3,5,75,0,5,4,23,0,20,1,16,1,13,11,5,8,6,0,2020-s14
2020-03-31,0,34,13,84,1,2,10,12,0,0,2,5,5,5,1,3,56,3,6,1,13,2,14,4,25,4,11,7,3,6,4,2,2020-s14
2020-04-01,1,58,18,154,1,2,13,20,0,0,10,4,0,3,11,10,102,2,5,2,21,5,20,4,21,13,12,9,5,8,9,0,2020-s14
2020-04-02,3,70,16,122,1,2,17,12,0,1,7,5,1,9,3,4,67,3,11,1,28,2,20,3,22,3,18,5,5,12,9,2,2020-s14
2020-04-03,1,59,20,120,5,4,18,15,0,1,6,8,4,8,3,5,80,2,8,5,20,5,20,4,33,5,13,4,4,6,11,2,2020-s14
2020-04-04,0,58,20,131,2,4,11,16,0,1,3,10,1,4,3,9,83,3,2,2,16,3,15,3,27,11,24,9,9,6,7,0,2020-s14
2020-04-05,2,47,20,142,2,2,14,7,0,0,6,6,6,3,6,7,81,4,7,4,14,2,28,0,25,12,19,6,1,11,5,0,2020-s14
2020-04-06,4,64,13,172,2,3,19,16,1,1,4,8,7,6,5,3,133,1,11,5,23,3,29,1,31,25,31,5,2,15,13,1,2020-s15
2020-04-07,4,56,6,168,1,5,20,15,1,0,1,5,2,10,15,4,92,1,13,0,7,3,18,0,31,14,32,10,7,12,13,1,2020-s15
2020-04-08,2,90,8,180,4,4,20,11,0,2,6,13,5,8,8,8,140,4,11,2,15,2,21,2,40,13,32,7,11,22,13,6,2020-s15
2020-04-09,3,95,7,193,3,2,28,11,0,0,6,6,5,6,7,2,133,2,14,6,15,4,27,2,41,14,40,8,3,17,4,1,2020-s15
2020-04-10,5,127,12,324,4,2,30,18,0,4,5,12,8,8,15,17,206,4,25,8,22,5,34,3,47,17,50,16,13,21,10,5,2020-s15
2020-04-11,6,85,13,218,6,6,29,11,3,4,9,9,9,5,7,9,149,1,14,2,23,8,32,1,47,9,26,17,2,24,20,4,2020-s15
2020-04-12,7,101,10,247,2,4,34,11,3,1,7,8,8,7,11,10,166,1,9,4,22,6,29,2,47,7,42,14,2,26,22,2,2020-s15
2020-04-13,8,82,8,316,5,8,28,18,0,4,11,15,13,12,20,20,222,3,11,2,36,3,31,4,45,8,47,30,7,34,19,2,2020-s16
2020-04-14,13,101,7,292,3,7,31,12,0,6,21,4,8,13,9,8,199,4,9,12,19,5,32,7,39,18,66,26,12,22,11,4,2020-s16
2020-04-15,11,94,6,396,5,9,43,19,2,0,17,14,8,7,15,17,263,2,8,10,24,6,33,1,39,5,49,20,11,38,18,1,2020-s16
2020-04-16,10,78,5,353,4,13,49,13,0,1,15,7,16,16,17,15,252,2,9,5,25,5,41,2,45,16,54,26,9,36,19,7,2020-s16
2020-04-17,11,113,8,410,4,7,68,12,6,0,6,9,10,14,23,21,299,8,7,7,34,5,36,2,53,16,56,35,7,34,19,2,2020-s16
2020-04-18,17,93,11,430,4,10,64,14,1,2,16,13,20,9,16,40,292,4,8,6,43,8,47,2,49,19,63,24,9,45,26,5,2020-s16
2020-04-19,8,105,6,388,6,7,46,5,0,2,13,17,18,12,14,25,273,2,9,8,31,4,24,4,58,14,76,12,11,26,29,6,2020-s16
2020-04-20,19,137,14,695,10,20,86,17,1,5,15,26,35,21,39,40,399,4,13,10,47,6,55,10,88,23,76,35,21,75,32,5,2020-s17
2020-04-21,6,92,1,417,9,6,47,17,1,4,14,17,25,20,16,22,302,2,8,10,40,3,32,8,47,14,61,29,20,47,33,2,2020-s17
2020-04-22,11,113,12,437,11,14,74,10,0,6,13,18,20,17,21,40,294,5,16,9,28,10,29,2,50,19,56,25,9,44,19,4,2020-s17
2020-04-23,18,86,5,448,6,16,62,16,2,5,11,25,25,23,24,30,301,7,13,14,37,4,26,3,56,22,57,32,10,50,36,3,2020-s17
2020-04-24,12,87,10,528,11,11,79,15,2,7,20,38,27,22,28,59,342,12,13,12,55,2,23,6,64,29,72,27,17,76,42,3,2020-s17
2020-04-25,10,112,9,532,15,20,76,15,1,4,14,36,22,18,23,43,372,9,22,10,48,8,47,16,71,28,59,48,11,78,38,2,2020-s17
2020-04-26,11,101,4,468,6,14,50,14,0,11,21,21,32,19,34,36,361,10,23,15,43,11,43,12,41,22,44,39,19,54,40,5,2020-s17
2020-04-27,33,99,2,613,14,14,71,12,3,3,17,27,35,20,24,41,395,8,34,15,56,7,34,20,58,42,55,52,20,92,52,17,2020-s18
2020-04-28,12,99,3,533,5,23,62,14,0,5,11,30,29,20,21,45,396,8,14,16,37,5,33,18,42,34,59,33,9,85,34,7,2020-s18
2020-04-29,17,78,5,430,14,26,65,13,2,3,8,38,27,19,19,53,333,15,15,15,39,6,29,8,49,36,56,30,13,81,21,7,2020-s18
2020-04-30,24,113,11,625,11,26,74,22,4,2,22,40,30,33,29,45,445,18,24,32,41,8,25,17,72,59,85,30,24,105,45,4,2020-s18
2020-05-01,11,172,16,989,20,28,108,27,2,10,34,59,39,25,47,54,623,22,38,23,66,14,35,21,112,58,93,52,20,131,41,7,2020-s18
2020-05-02,21,139,6,592,18,33,80,17,3,6,37,36,30,35,29,40,375,19,19,26,41,10,86,16,50,57,85,27,17,104,41,7,2020-s18
2020-05-03,12,99,7,603,12,24,61,9,1,6,27,49,36,28,56,43,384,11,17,20,43,14,29,20,80,48,81,25,21,100,24,2,2020-s18
2020-05-04,23,122,6,820,21,30,77,16,2,7,29,50,45,48,47,53,431,19,31,28,76,14,35,29,66,68,117,37,24,97,41,8,2020-s19
2020-05-05,22,102,16,765,19,36,77,30,0,8,33,40,33,35,56,47,500,5,77,43,63,27,20,30,71,57,106,50,17,129,34,10,2020-s19
2020-05-06,9,119,5,673,16,26,68,24,3,10,29,39,37,25,40,43,474,14,23,24,72,19,31,19,58,66,84,34,41,116,36,8,2020-s19
2020-05-07,19,111,11,712,8,29,71,20,3,13,42,41,33,31,48,44,520,8,28,39,78,38,22,27,82,84,116,36,35,110,41,7,2020-s19
2020-05-08,10,147,9,837,17,48,77,26,6,9,40,57,56,21,64,75,582,13,46,47,94,34,38,29,73,74,130,25,34,142,49,6,2020-s19
2020-05-09,7,98,5,712,19,59,81,28,3,9,40,60,50,39,43,52,520,17,32,41,87,25,41,25,75,80,104,36,25,140,42,3,2020-s19
2020-05-10,20,152,11,1036,26,64,106,19,3,6,31,71,65,42,78,54,713,20,41,78,96,42,38,32,126,109,139,36,43,141,57,15,2020-s19
2020-05-11,31,122,7,878,29,56,77,29,6,9,52,68,64,52,66,53,638,14,49,78,123,44,18,22,97,105,136,46,39,152,55,3,2020-s20
2020-05-12,13,122,12,799,23,61,64,28,10,7,49,73,50,37,63,40,537,16,47,84,130,44,29,17,99,97,95,50,29,140,42,15,2020-s20
2020-05-13,21,130,14,712,16,65,72,23,6,11,29,76,67,50,63,41,555,9,61,62,113,21,38,24,80,99,101,41,23,163,46,8,2020-s20
2020-05-14,21,110,12,696,19,64,79,25,5,18,35,93,69,50,81,26,528,14,36,63,118,28,27,35,108,107,125,60,39,135,41,12,2020-s20
2020-05-15,22,189,13,1052,18,79,86,45,5,18,66,148,76,50,104,53,859,21,56,89,135,46,35,35,195,194,168,84,34,187,63,5,2020-s20
2020-05-16,15,114,10,761,23,87,72,52,8,17,52,116,47,36,68,65,570,22,29,78,90,47,33,20,121,184,111,54,34,148,55,3,2020-s20
2020-05-17,18,121,14,763,26,60,67,44,5,7,59,104,53,69,51,54,570,19,36,53,121,26,27,29,104,161,108,53,41,144,47,6,2020-s20
2020-05-18,23,168,18,1112,17,120,94,58,11,19,71,160,92,71,85,61,840,21,53,141,166,35,51,35,137,207,136,91,48,197,61,13,2020-s21
2020-05-19,21,145,7,760,19,82,81,43,5,21,52,117,83,82,64,55,632,22,59,81,132,39,47,37,128,160,139,58,50,155,33,9,2020-s21
2020-05-20,37,163,19,1246,30,100,102,45,12,20,64,126,81,71,104,61,877,16,49,116,189,44,45,48,180,196,232,96,55,198,64,12,2020-s21
2020-05-21,33,166,6,716,29,100,73,57,4,16,28,101,55,83,74,44,537,15,37,74,123,37,29,32,138,173,139,68,32,141,52,4,2020-s21
2020-05-22,31,158,13,854,28,102,66,55,8,16,89,102,85,85,97,63,747,18,56,99,170,39,33,44,169,228,159,81,50,207,58,17,2020-s21
2020-05-23,23,111,17,735,34,137,67,69,7,27,101,122,85,90,63,60,633,24,69,92,151,32,38,54,158,212,145,72,37,190,48,5,2020-s21
2020-05-24,30,123,20,709,18,107,57,43,5,27,111,96,53,132,97,56,588,30,55,93,118,35,40,48,157,170,138,59,32,164,67,5,2020-s21
2020-05-25,43,140,14,1161,42,145,73,63,8,29,159,114,114,172,148,66,899,38,91,160,193,56,52,39,209,300,244,113,55,235,54,16,2020-s22
2020-05-26,48,108,19,803,20,129,58,67,3,25,110,131,64,132,104,40,717,29,76,105,148,38,22,30,152,209,135,78,29,168,45,6,2020-s22
2020-05-27,31,112,16,764,21,95,67,45,4,31,129,115,58,138,106,36,674,21,68,74,141,21,51,41,145,211,128,99,43,151,33,13,2020-s22
2020-05-28,44,126,16,875,22,122,69,89,12,39,124,120,59,159,139,41,738,31,57,122,198,32,41,42,165,207,160,85,47,164,42,8,2020-s22
2020-05-29,35,111,20,806,26,120,69,104,5,33,173,119,62,174,111,67,752,25,63,128,157,38,41,58,170,209,198,72,53,157,53,7,2020-s22
2020-05-30,38,99,18,762,31,104,49,55,11,38,164,115,67,161,100,53,722,27,62,120,166,42,39,45,164,260,168,94,35,204,42,11,2020-s22
2020-05-31,40,134,10,724,27,109,52,50,11,35,159,98,64,148,107,72,657,40,64,95,143,30,40,47,168,193,124,72,47,168,33,17,2020-s22
2020-06-01,78,175,29,1401,50,143,77,121,18,74,207,159,81,298,185,75,1187,36,132,218,366,69,55,80,286,367,374,161,80,240,65,23,2020-s23
2020-06-02,58,137,37,835,25,96,57,71,11,38,164,121,69,196,134,26,758,28,87,144,184,50,36,60,172,219,151,104,46,165,44,15,2020-s23
2020-06-03,37,136,30,762,43,88,55,88,9,54,158,113,71,164,154,29,671,28,111,179,185,35,32,85,175,209,172,105,72,180,43,15,2020-s23
2020-06-04,37,113,30,813,30,103,43,93,7,58,156,90,65,170,142,48,744,32,136,196,210,14,30,62,187,212,181,111,39,181,55,20,2020-s23
2020-06-05,63,156,20,971,54,125,70,99,12,68,185,119,87,197,135,74,904,31,180,202,254,42,46,83,259,266,323,126,42,214,47,17,2020-s23
2020-06-06,61,141,34,834,54,122,58,128,12,62,206,131,77,184,171,49,830,37,143,141,230,39,53,77,226,255,257,120,56,220,65,23,2020-s23
2020-06-07,47,133,40,621,55,104,47,90,16,53,148,109,68,230,135,62,685,28,122,154,205,33,56,74,148,244,197,113,48,166,55,29,2020-s23
2020-06-08,71,157,41,897,65,98,65,142,16,54,215,135,79,246,158,63,810,42,281,213,309,44,67,90,233,308,294,190,51,255,82,22,2020-s24
2020-06-09,50,169,34,660,53,73,48,151,14,44,197,140,75,210,151,36,674,39,189,123,248,39,46,99,190,234,193,174,34,196,82,28,2020-s24
2020-06-10,61,165,41,1070,89,118,70,139,9,58,238,170,97,217,178,49,927,40,263,166,450,39,60,68,246,283,339,205,90,263,95,29,2020-s24
2020-06-11,38,129,31,715,65,72,50,118,12,62,175,112,66,206,130,45,592,37,222,148,287,54,66,68,159,222,237,156,49,188,69,16,2020-s24
2020-06-12,47,147,19,793,77,101,51,129,18,51,269,129,54,185,189,53,674,37,262,163,352,37,56,61,194,271,292,281,36,274,77,14,2020-s24
2020-06-13,47,123,38,643,87,98,54,137,15,45,255,112,69,168,128,56,600,33,221,167,278,46,62,83,131,248,223,202,42,248,80,25,2020-s24
2020-06-14,61,132,28,554,61,80,52,160,18,64,351,94,50,184,158,45,577,41,165,149,274,39,55,83,134,282,179,193,44,215,85,33,2020-s24
2020-06-15,80,213,47,991,105,117,73,206,22,59,369,140,104,243,208,56,927,60,283,177,529,46,80,122,258,350,377,326,80,339,118,36,2020-s25
2020-06-16,62,143,29,707,76,68,55,176,21,44,278,103,59,204,146,38,725,48,227,145,371,32,63,85,152,274,300,299,47,247,127,23,2020-s25
2020-06-17,50,156,32,606,74,55,39,179,8,65,231,107,73,197,136,38,507,38,214,149,282,28,59,69,142,250,204,266,47,227,86,13,2020-s25
2020-06-18,58,119,47,782,96,57,41,198,21,57,262,135,86,191,134,34,691,38,251,170,403,36,80,86,194,285,306,301,46,265,157,24,2020-s25
2020-06-19,43,156,31,761,88,81,54,187,26,59,361,141,63,178,157,45,615,54,213,140,429,50,93,112,151,312,296,310,78,294,128,37,2020-s25
2020-06-20,51,218,47,1068,117,95,92,205,25,59,458,160,101,250,178,49,848,44,308,214,465,48,134,111,256,423,396,407,93,387,177,39,2020-s25
2020-06-21,48,143,32,541,62,64,45,231,26,43,294,108,62,175,97,27,462,48,261,157,252,39,81,112,131,298,239,260,48,224,129,29,2020-s25
2020-06-22,67,140,36,756,72,74,67,291,20,88,330,152,74,201,127,36,604,54,317,199,373,29,89,144,138,390,309,325,78,325,159,31,2020-s26
2020-06-23,42,178,46,681,75,75,47,199,12,94,306,125,78,159,118,25,542,56,279,142,295,36,111,107,107,320,248,333,57,227,119,27,2020-s26
2020-06-24,47,143,48,666,85,57,50,232,18,69,327,142,71,184,93,19,527,43,261,147,264,34,87,104,129,321,245,299,64,290,135,23,2020-s26
2020-06-25,45,187,64,852,71,54,84,199,15,59,313,237,88,183,127,35,592,32,307,163,381,50,108,104,164,471,406,338,62,290,149,30,2020-s26
2020-06-26,40,157,51,870,90,65,68,339,30,84,286,244,76,232,118,38,733,47,342,118,334,39,148,142,162,480,350,455,109,342,166,35,2020-s26
2020-06-27,49,130,39,574,62,49,63,206,33,81,313,240,70,159,81,39,455,55,305,149,268,48,120,122,137,356,251,307,51,298,148,41,2020-s26
2020-06-28,43,130,53,729,71,62,76,231,17,76,390,264,69,195,108,32,676,53,355,212,287,45,171,136,180,427,323,316,87,357,146,46,2020-s26
2020-06-29,56,182,73,838,72,58,89,317,27,62,412,219,62,227,110,38,682,54,409,220,317,41,127,116,145,420,352,408,82,330,146,39,2020-s27
2020-06-30,58,191,94,875,74,55,90,315,29,59,383,171,79,234,106,19,648,60,364,199,315,45,102,150,154,508,368,347,79,365,136,49,2020-s27
2020-07-01,79,205,92,1145,130,46,121,269,26,80,505,252,102,274,170,29,893,49,493,230,470,65,128,188,219,703,460,501,76,423,187,50,2020-s27
2020-07-02,56,133,65,797,95,51,83,303,25,46,309,136,72,200,121,38,594,44,388,174,316,44,117,180,179,452,350,353,77,340,163,41,2020-s27
2020-07-03,41,153,67,830,90,40,87,258,29,52,443,162,85,226,116,30,607,58,464,170,268,59,145,223,173,468,345,412,74,385,169,44,2020-s27
2020-07-04,42,122,80,637,78,41,73,245,28,54,394,158,60,218,94,26,474,58,403,219,278,47,152,174,150,355,249,390,44,362,153,38,2020-s27
2020-07-05,69,180,64,715,80,57,86,210,38,46,433,115,68,220,108,26,552,66,440,180,369,73,137,212,164,414,331,375,81,387,179,34,2020-s27
2020-07-06,75,155,127,786,75,27,110,391,46,101,528,105,98,271,110,44,608,57,533,202,322,46,167,246,152,366,360,381,74,412,179,52,2020-s28
2020-07-07,67,163,102,775,84,51,83,312,43,78,376,88,88,206,113,50,526,47,468,165,310,73,137,237,137,349,331,406,97,361,213,53,2020-s28
2020-07-08,56,199,102,751,80,36,93,246,25,54,352,117,77,184,74,31,493,74,410,127,271,35,133,256,157,302,365,343,59,321,148,47,2020-s28
2020-07-09,51,127,91,726,81,52,76,259,41,67,357,151,92,218,89,43,472,45,406,105,300,66,170,275,124,335,327,387,67,403,129,39,2020-s28
2020-07-10,65,156,115,1306,129,99,134,420,54,94,594,185,102,273,186,46,866,58,591,233,494,103,164,370,182,478,546,531,115,511,237,80,2020-s28
2020-07-11,57,133,88,652,99,33,80,195,44,63,417,131,95,233,109,35,458,59,447,143,311,64,133,284,110,327,301,328,102,345,145,53,2020-s28
2020-07-12,61,123,104,722,74,44,82,250,52,55,503,134,85,228,138,42,486,58,450,125,291,47,135,307,106,278,349,331,79,373,180,66,2020-s28
2020-07-13,75,138,111,1028,78,63,113,324,68,67,557,126,119,294,121,37,627,47,585,167,378,69,140,438,141,315,385,387,76,383,174,73,2020-s29
2020-07-14,73,128,99,802,85,29,78,270,58,78,332,103,91,250,111,29,591,51,442,145,299,63,127,354,121,266,405,320,61,364,161,68,2020-s29
2020-07-15,69,159,99,1229,117,66,127,332,50,107,436,173,129,270,141,36,726,85,515,147,405,84,132,394,139,350,417,433,88,386,190,81,2020-s29
2020-07-16,37,124,77,809,80,43,83,236,49,56,367,165,123,240,128,37,616,42,428,146,319,66,120,340,94,338,315,359,58,352,191,51,2020-s29
2020-07-17,62,130,94,1025,73,33,112,261,57,64,409,144,143,253,158,43,635,56,433,146,381,47,115,370,105,314,377,388,74,422,225,82,2020-s29
2020-07-18,51,121,87,848,68,42,89,280,60,77,517,168,108,273,172,34,636,69,381,197,347,72,147,377,137,353,346,344,79,455,197,89,2020-s29
2020-07-19,53,124,114,698,67,28,91,207,67,61,531,182,118,215,162,35,538,89,458,109,279,59,167,300,127,365,281,274,70,331,205,69,2020-s29
2020-07-20,65,158,145,1467,87,43,155,421,72,131,618,261,172,322,234,48,847,87,633,183,452,88,161,459,199,407,579,445,131,466,244,107,2020-s30
2020-07-21,53,116,98,911,53,29,94,284,56,88,378,139,108,186,138,28,509,48,381,150,272,56,98,314,89,308,246,209,69,315,173,51,2020-s30
2020-07-22,54,107,87,812,59,36,104,210,54,54,399,128,104,192,145,24,543,50,357,99,260,58,131,325,95,255,308,245,77,294,204,75,2020-s30
2020-07-23,59,88,96,860,53,27,60,283,47,47,363,129,112,198,134,40,455,53,283,125,317,55,118,295,109,282,293,251,64,300,249,46,2020-s30
2020-07-24,48,122,121,842,56,28,109,259,54,74,406,147,120,235,165,32,529,53,277,144,281,60,105,356,126,326,262,312,80,338,239,86,2020-s30
2020-07-25,50,114,111,906,71,27,94,485,65,72,679,186,126,193,196,59,617,57,295,159,350,73,135,301,171,382,385,289,64,353,308,104,2020-s30
2020-07-26,44,94,137,643,48,32,106,206,55,71,391,138,97,245,163,41,510,57,266,123,239,76,132,281,115,369,227,181,46,266,234,64,2020-s30
2020-07-27,62,129,124,1002,55,15,105,401,50,78,400,190,132,262,232,55,731,54,328,132,320,74,121,363,132,380,318,294,72,342,288,108,2020-s31
2020-07-28,48,98,114,837,55,24,82,212,58,83,400,157,121,191,170,40,508,59,272,100,265,90,145,352,102,272,280,201,61,337,204,74,2020-s31
2020-07-29,52,97,96,750,39,31,76,291,23,59,352,138,116,171,134,35,453,45,229,136,204,70,93,264,98,226,187,195,63,261,154,45,2020-s31
2020-07-30,47,107,102,806,32,31,96,232,42,78,302,102,102,180,152,35,495,46,253,88,221,69,77,243,88,247,234,269,52,249,163,78,2020-s31
2020-07-31,35,141,103,701,22,39,89,197,70,68,391,131,121,203,167,40,575,44,299,96,214,79,99,251,125,263,227,245,40,256,180,86,2020-s31
2020-08-01,62,127,133,1169,66,55,108,433,73,91,522,234,155,266,273,46,827,62,414,212,372,97,128,367,166,409,375,301,100,311,226,114,2020-s31
2020-08-02,37,97,125,614,35,22,90,317,64,77,300,183,117,192,177,46,466,52,270,112,201,69,96,261,94,235,230,194,57,218,148,80,2020-s31
2020-08-03,60,135,112,840,32,25,108,289,58,92,374,156,143,249,200,42,582,58,441,104,257,113,118,320,125,273,207,270,65,245,163,87,2020-s32
2020-08-04,48,117,114,728,26,23,71,229,52,60,306,108,76,195,138,35,476,63,311,87,220,46,80,211,74,184,175,202,56,220,117,77,2020-s32
2020-08-05,30,106,107,869,25,24,98,389,44,72,306,139,139,240,168,44,511,35,296,88,222,65,83,228,114,225,229,230,64,227,152,101,2020-s32
2020-08-06,31,84,107,694,19,35,80,272,47,45,251,103,118,188,152,45,400,56,301,85,196,69,94,231,90,259,136,259,49,197,137,73,2020-s32
2020-08-07,42,96,89,883,18,18,103,284,70,70,314,114,108,203,187,33,504,49,317,90,227,91,77,247,84,236,176,195,44,190,132,105,2020-s32
2020-08-08,55,111,91,718,31,29,91,205,61,83,382,164,139,213,178,35,533,77,351,149,207,98,82,248,111,237,152,217,55,213,152,138,2020-s32
2020-08-09,48,109,101,543,26,17,68,217,92,71,350,84,114,193,164,54,414,64,264,127,148,93,85,187,85,261,119,160,37,173,111,82,2020-s32
2020-08-10,73,133,142,1291,35,16,135,385,95,100,501,121,161,289,282,48,759,60,425,158,298,140,83,354,139,432,265,275,78,305,156,139,2020-s33
2020-08-11,48,105,102,845,25,15,107,217,45,94,257,88,87,215,152,33,478,49,292,62,184,52,61,229,83,207,139,200,52,201,122,58,2020-s33
2020-08-12,53,96,97,828,27,20,86,274,48,73,257,93,88,206,161,31,406,47,299,91,190,60,69,235,89,219,186,190,45,162,115,76,2020-s33
2020-08-13,43,83,99,747,17,19,81,341,51,57,293,102,94,166,167,33,419,46,291,101,175,75,53,224,111,175,130,173,41,186,141,73,2020-s33
2020-08-14,83,109,86,898,27,25,84,292,74,92,340,94,124,207,216,35,502,62,311,108,175,95,71,253,113,203,135,198,38,213,165,75,2020-s33
2020-08-15,76,89,83,974,46,44,172,297,77,84,378,150,128,198,232,33,494,42,366,86,208,111,81,208,137,230,211,243,65,218,132,85,2020-s33
2020-08-16,55,98,108,639,28,19,75,233,66,64,312,83,101,208,185,50,511,32,316,84,134,84,58,179,93,170,109,167,42,162,142,69,2020-s33
2020-08-17,70,114,106,997,28,16,118,272,84,100,355,90,141,261,216,32,482,41,372,119,241,96,65,262,116,186,152,177,62,194,168,78,2020-s34
2020-08-18,53,112,100,1032,26,9,98,325,67,105,406,125,133,192,204,29,538,48,374,86,213,105,76,258,110,184,128,166,58,202,136,102,2020-s34
2020-08-19,62,93,59,822,25,17,85,224,50,79,321,96,116,184,172,35,397,43,314,84,164,81,68,209,75,199,136,120,47,167,148,87,2020-s34
2020-08-20,65,89,102,1508,44,21,156,321,58,128,420,159,157,230,293,44,794,55,475,109,285,134,92,315,152,257,259,253,79,209,164,102,2020-s34
2020-08-21,53,101,70,988,29,19,97,225,74,70,355,108,104,219,152,35,478,45,386,94,145,86,56,202,84,193,161,143,31,203,148,76,2020-s34
2020-08-22,56,100,65,799,15,11,86,202,79,73,390,86,92,211,209,33,374,66,358,110,147,104,72,189,103,166,128,159,40,174,143,84,2020-s34
2020-08-23,62,96,114,706,15,5,89,215,42,79,323,65,103,183,188,28,384,51,385,94,116,71,101,164,88,175,107,103,48,163,151,76,2020-s34
2020-08-24,64,127,109,1110,24,8,116,279,57,77,442,110,99,292,199,36,551,41,464,99,168,115,74,235,117,172,143,175,47,198,175,76,2020-s35
2020-08-25,79,94,114,1197,20,9,116,238,52,100,433,130,95,217,229,41,529,26,392,86,189,140,69,232,116,157,180,165,45,162,136,84,2020-s35
2020-08-26,46,98,104,953,21,12,121,181,48,125,271,119,89,190,156,31,442,26,339,56,164,95,67,159,93,167,147,184,48,175,138,52,2020-s35
2020-08-27,62,112,60,1003,22,10,88,154,46,79,357,95,87,209,184,28,469,38,335,85,165,115,45,161,87,167,145,152,32,191,127,66,2020-s35
2020-08-28,56,117,72,1335,18,25,119,170,62,93,419,159,115,219,230,27,660,40,399,121,183,136,70,207,120,190,156,232,32,246,143,90,2020-s35
2020-08-29,44,112,102,789,11,11,82,160,52,86,348,87,77,197,173,29,406,54,311,79,134,102,53,177,87,145,90,154,37,146,81,49,2020-s35
2020-08-30,53,118,101,888,16,13,104,147,34,103,384,118,94,196,209,30,459,33,358,71,113,102,61,188,104,139,104,167,19,185,137,80,2020-s35
2020-08-31,83,156,124,1062,11,17,109,195,49,131,355,128,100,266,216,46,584,32,386,109,125,118,67,208,124,117,120,205,37,200,164,75,2020-s36
2020-09-01,70,143,121,1631,24,11,169,192,42,131,436,192,92,281,325,30,744,43,462,142,227,128,61,252,120,201,182,234,45,216,134,142,2020-s36
2020-09-02,46,104,93,1077,12,12,88,173,22,82,278,207,72,213,183,25,491,31,359,72,132,87,42,150,63,135,100,166,29,163,123,62,2020-s36
2020-09-03,45,106,91,979,5,27,103,148,37,65,300,162,77,229,185,22,402,25,285,144,141,69,45,152,97,113,91,155,47,151,140,66,2020-s36
2020-09-04,37,118,76,976,12,17,86,146,45,101,344,141,73,233,156,20,497,35,383,73,129,68,59,131,98,116,133,134,47,149,114,58,2020-s36
2020-09-05,57,84,78,950,12,11,123,156,49,79,373,163,71,244,219,34,559,40,353,114,136,94,54,170,102,189,112,139,32,166,138,85,2020-s36
2020-09-06,39,107,105,645,9,12,72,153,30,91,296,91,73,196,185,33,432,38,327,96,106,69,45,139,73,158,84,107,25,169,113,69,2020-s36
2020-09-07,57,108,103,986,7,14,113,147,43,73,321,152,80,250,199,29,503,40,386,150,141,87,45,193,117,164,109,153,40,144,160,73,2020-s37
2020-09-08,44,78,94,986,10,14,82,145,32,89,335,151,74,207,176,26,502,21,288,95,143,62,35,172,88,114,92,111,37,151,122,51,2020-s37
2020-09-09,53,84,69,964,14,8,85,120,32,67,292,163,95,198,144,13,421,27,275,96,128,63,36,158,58,113,114,133,17,141,109,56,2020-s37
2020-09-10,46,76,86,1204,25,17,126,129,35,72,305,206,91,265,223,30,589,38,341,192,151,86,38,190,103,131,166,172,41,174,109,68,2020-s37
2020-09-11,34,72,86,821,12,15,96,96,45,79,268,116,69,190,136,22,453,36,308,111,108,60,46,165,76,197,121,131,32,133,80,60,2020-s37
2020-09-12,42,70,47,673,8,10,72,93,39,60,285,116,66,185,133,25,363,27,262,142,87,65,28,102,72,96,90,100,22,132,78,67,2020-s37
2020-09-13,26,55,72,528,7,6,80,106,40,52,251,105,61,188,148,28,355,22,335,109,104,40,40,121,52,95,82,90,25,100,67,69,2020-s37
2020-09-14,60,66,92,945,13,11,130,168,73,77,275,109,79,238,168,17,477,51,329,121,140,84,52,138,97,152,117,129,34,155,126,71,2020-s38
2020-09-15,47,102,78,1091,18,14,127,142,47,77,253,173,71,216,169,25,518,38,376,131,141,101,50,159,97,158,139,122,25,171,102,85,2020-s38
2020-09-16,41,67,53,686,13,13,84,108,35,78,153,138,70,195,122,37,353,27,333,64,98,63,49,123,70,82,98,104,16,147,93,45,2020-s38
2020-09-17,67,94,108,891,7,13,126,130,52,78,168,158,79,241,151,20,418,30,345,97,108,80,38,176,87,123,100,133,40,160,97,47,2020-s38
2020-09-18,59,77,74,1078,14,11,128,159,53,83,209,165,101,230,161,23,490,26,420,149,154,87,59,161,91,159,135,150,24,164,91,58,2020-s38
2020-09-19,48,80,63,894,10,18,114,144,69,82,274,156,83,232,157,19,477,37,448,109,115,83,64,141,64,203,92,130,21,184,88,59,2020-s38
2020-09-20,76,99,86,1187,28,16,180,190,65,115,226,154,80,293,222,40,650,32,469,170,152,120,77,154,121,174,127,153,40,178,103,106,2020-s38
2020-09-21,62,78,70,1005,10,17,162,156,61,80,218,145,81,277,192,27,505,41,423,124,147,83,53,171,96,150,68,113,23,141,155,70,2020-s39
2020-09-22,48,75,85,893,11,10,116,124,43,80,184,132,62,231,112,24,427,25,379,78,96,101,43,134,89,99,79,100,52,117,105,41,2020-s39
2020-09-23,53,68,78,901,7,10,105,153,30,92,155,101,51,231,126,25,394,24,342,78,84,72,42,112,71,169,87,106,17,120,101,66,2020-s39
2020-09-24,60,66,68,859,11,6,121,162,40,72,144,121,64,216,120,19,397,24,364,106,98,79,45,129,64,143,74,97,20,91,108,55,2020-s39
2020-09-25,63,94,75,1100,20,20,194,203,71,100,249,162,101,254,162,21,521,31,377,152,139,101,67,119,117,160,88,135,16,158,92,76,2020-s39
2020-09-26,61,87,48,811,6,12,121,138,65,78,231,93,59,221,141,24,330,30,421,111,94,74,61,107,76,111,85,103,13,126,67,64,2020-s39
2020-09-27,48,89,88,752,6,6,177,178,56,75,211,91,61,209,122,32,367,25,370,98,79,68,58,126,71,166,72,99,18,103,91,88,2020-s39
2020-09-28,81,108,83,1003,14,7,245,224,75,143,196,121,76,266,168,48,468,24,442,137,128,102,55,163,102,174,84,112,34,137,90,88,2020-s40
2020-09-29,62,79,64,1009,8,9,196,193,49,71,210,147,61,227,113,27,396,27,327,96,96,108,56,168,58,122,58,87,14,111,91,84,2020-s40
2020-09-30,61,97,69,950,11,11,217,209,41,88,193,111,75,223,118,39,407,24,307,110,87,100,45,156,70,93,61,124,18,111,87,77,2020-s40
2020-10-01,76,85,80,1486,22,10,388,238,54,124,230,187,89,247,179,35,499,27,506,134,167,133,53,218,121,187,139,144,29,141,106,109,2020-s40
2020-10-02,69,100,76,866,13,11,299,187,47,151,197,114,79,252,122,27,313,22,434,135,118,119,42,205,94,184,58,97,22,129,89,102,2020-s40
2020-10-03,67,104,58,768,12,10,267,228,58,116,240,97,73,187,110,27,299,23,409,114,91,96,48,169,67,111,54,82,17,118,48,111,2020-s40
2020-10-04,62,82,85,690,4,9,279,205,42,134,186,82,75,205,107,46,240,21,393,154,76,102,38,150,92,122,60,80,17,111,68,78,2020-s40
2020-10-05,81,129,78,1210,11,4,498,268,51,203,276,108,92,296,152,41,415,33,542,161,150,149,53,223,110,116,87,112,27,141,100,119,2020-s41
2020-10-06,80,93,67,953,6,8,368,209,46,141,195,90,72,205,124,31,328,18,457,85,106,122,30,185,86,99,67,86,17,118,90,107,2020-s41
2020-10-07,65,65,54,1048,11,11,405,216,49,171,206,82,67,218,108,33,388,20,475,103,116,133,50,171,78,110,67,98,34,95,51,115,2020-s41
2020-10-08,81,74,80,1006,14,9,396,237,59,145,192,88,65,237,120,21,337,25,396,94,131,153,50,188,76,124,88,112,21,119,97,119,2020-s41
2020-10-09,70,103,70,970,11,7,499,277,47,181,247,107,95,226,124,24,329,26,460,114,114,148,33,206,96,154,86,89,15,137,84,126,2020-s41
2020-10-10,79,123,70,1601,15,14,745,329,58,269,329,105,119,330,182,39,482,28,728,183,154,224,41,247,146,144,101,112,29,138,77,184,2020-s41
2020-10-11,59,103,87,863,11,4,437,216,44,141,231,71,107,207,142,38,278,34,476,103,99,162,25,219,83,103,75,90,12,80,89,78,2020-s41
2020-10-12,111,148,108,1306,8,9,748,280,59,268,309,88,77,285,149,35,445,28,535,174,123,164,49,218,108,179,55,111,41,133,152,153,2020-s42
2020-10-13,85,94,89,1142,7,6,588,284,32,186,220,80,73,262,106,37,367,24,435,82,126,175,34,204,90,105,60,96,27,95,138,123,2020-s42
2020-10-14,85,94,68,1084,4,8,557,254,36,177,239,66,91,236,125,34,364,13,388,69,112,190,30,193,81,120,67,76,13,94,101,90,2020-s42
2020-10-15,101,102,83,1469,11,10,661,338,53,220,314,81,114,284,150,37,501,17,445,90,175,185,40,191,103,137,71,135,25,115,147,169,2020-s42
2020-10-16,100,106,86,1352,14,7,581,333,44,220,283,76,92,252,134,14,385,27,432,101,130,179,31,191,86,170,62,134,30,113,98,123,2020-s42
2020-10-17,73,108,70,1097,3,5,609,267,31,175,305,68,73,266,99,25,380,24,402,136,115,194,34,172,93,170,57,113,18,81,63,155,2020-s42
2020-10-18,83,102,98,1150,11,6,502,348,34,268,378,72,112,269,119,44,343,28,422,94,105,205,47,230,95,165,77,153,39,85,124,159,2020-s42
2020-10-19,148,125,79,1632,10,7,762,434,32,307,429,69,126,278,142,36,502,19,512,84,126,246,41,298,109,207,72,149,34,117,145,193,2020-s43
2020-10-20,126,126,91,2223,19,4,701,517,33,367,400,91,132,275,166,28,541,6,530,103,181,280,29,255,119,130,84,180,28,94,121,243,2020-s43
2020-10-21,120,110,71,1388,7,8,431,333,30,229,301,46,90,200,117,34,332,14,330,85,118,155,28,183,91,112,65,99,23,78,132,102,2020-s43
2020-10-22,118,116,75,1353,14,11,511,329,38,249,357,56,102,224,90,22,402,14,350,115,130,187,17,215,81,132,68,92,25,97,86,117,2020-s43
2020-10-23,119,108,75,1392,12,7,521,294,39,263,356,59,98,200,116,22,438,16,383,110,112,157,38,169,86,168,77,108,14,97,98,160,2020-s43
2020-10-24,118,103,81,1098,12,5,362,243,35,211,382,37,97,239,102,22,337,16,380,101,121,187,28,160,74,126,62,118,18,97,46,167,2020-s43
2020-10-25,130,118,81,1337,10,2,511,321,33,274,473,52,104,261,121,32,435,17,394,122,122,223,37,158,85,115,75,114,32,86,76,161,2020-s43
2020-10-26,170,90,86,1727,6,2,660,332,39,335,401,53,109,273,108,37,496,21,442,90,148,267,43,209,88,114,64,94,30,112,88,172,2020-s44
2020-10-27,149,93,67,1451,8,6,392,292,19,273,306,38,95,265,110,23,406,13,435,69,156,213,34,134,61,76,73,80,25,70,58,169,2020-s44
2020-10-28,152,97,61,1500,10,2,410,306,31,247,318,56,109,222,104,40,466,10,372,73,148,221,31,148,70,94,71,94,28,97,84,141,2020-s44
2020-10-29,130,88,54,1236,11,0,375,287,24,190,306,57,81,192,85,22,408,16,338,47,123,188,26,128,65,93,69,72,24,86,58,141,2020-s44
2020-10-30,140,93,51,1470,9,5,463,320,16,278,338,44,98,257,85,18,472,19,467,73,113,232,26,184,70,175,66,123,37,68,79,187,2020-s44
2020-10-31,125,101,43,972,4,6,324,208,24,228,373,50,122,232,105,26,335,19,374,92,74,233,18,160,59,167,50,81,15,75,36,159,2020-s44
2020-11-01,140,167,88,1876,8,4,524,422,34,281,492,54,127,279,156,50,559,28,689,109,153,256,41,223,117,206,105,162,38,104,48,315,2020-s44
2020-11-02,214,113,75,1482,7,3,390,373,28,280,378,51,88,248,129,57,523,13,628,100,166,307,29,210,70,176,70,115,31,94,62,177,2020-s45
2020-11-03,180,87,84,1810,7,1,289,293,24,200,387,58,103,208,125,31,478,16,572,90,140,260,33,194,71,147,64,111,39,91,64,173,2020-s45
2020-11-04,142,102,61,1443,11,10,305,310,17,250,392,48,91,198,121,23,486,22,502,90,142,236,25,199,64,171,72,113,33,85,84,166,2020-s45
2020-11-05,151,116,66,1697,15,5,346,339,19,190,403,41,118,238,114,41,456,14,561,104,139,228,26,199,84,169,105,142,29,94,70,207,2020-s45
2020-11-06,138,118,51,1608,13,7,318,341,26,260,470,57,117,217,111,34,497,20,608,101,125,281,22,201,79,189,104,106,25,82,87,179,2020-s45
2020-11-07,136,105,65,1400,6,12,287,293,29,195,422,56,117,231,97,33,438,15,578,137,153,250,31,182,88,182,70,118,33,94,59,217,2020-s45
2020-11-08,160,89,69,1202,12,8,287,311,21,235,432,45,115,253,101,34,448,18,469,114,129,287,28,175,73,162,86,112,37,95,47,215,2020-s45
2020-11-09,195,112,75,2084,8,5,268,379,19,301,552,51,163,278,124,56,568,21,634,95,153,319,31,309,87,224,129,136,49,98,83,206,2020-s46
2020-11-10,186,115,91,2153,15,13,320,432,12,339,577,58,150,307,157,48,680,7,642,106,233,381,22,254,93,174,128,125,42,98,91,234,2020-s46
2020-11-11,170,100,47,1734,7,4,220,324,8,241,455,40,97,242,87,46,539,14,528,79,122,239,18,181,74,117,75,120,38,68,79,190,2020-s46
2020-11-12,144,125,47,1521,6,8,218,280,13,231,435,46,105,224,76,30,514,11,397,64,139,260,15,222,64,127,96,106,43,75,109,196,2020-s46
2020-11-13,159,119,46,1525,8,5,193,266,17,139,456,47,104,273,84,23,510,10,421,80,137,249,19,211,60,148,79,141,40,75,83,201,2020-s46
2020-11-14,121,152,40,1306,12,18,198,238,18,174,516,54,101,251,106,25,443,15,412,83,141,255,24,201,85,198,91,132,32,64,39,167,2020-s46
2020-11-15,136,195,78,1696,17,10,247,300,23,243,655,51,124,305,132,38,552,15,458,155,165,336,32,230,83,262,110,131,47,110,76,245,2020-s46
2020-11-16,153,216,80,1609,8,14,244,282,21,283,580,43,141,275,118,48,578,19,478,116,155,357,40,205,76,256,99,154,34,91,73,203,2020-s47
2020-11-17,201,213,69,1937,18,6,185,292,16,279,608,61,113,281,115,43,653,10,429,118,168,318,31,197,77,250,102,130,46,88,103,149,2020-s47
2020-11-18,173,243,59,2016,5,6,217,254,16,279,597,67,112,298,107,47,649,14,431,77,165,322,33,226,54,258,109,141,22,87,99,180,2020-s47
2020-11-19,213,243,67,1754,14,6,272,243,22,165,601,52,125,284,124,37,553,13,358,97,177,315,28,188,66,247,119,145,31,64,128,195,2020-s47
2020-11-20,211,309,89,3279,21,14,348,426,23,280,899,88,181,364,158,38,938,27,615,112,236,510,69,252,97,381,203,202,45,118,127,347,2020-s47
2020-11-21,116,236,37,1982,12,7,175,178,20,154,625,84,137,239,115,30,544,23,405,62,153,342,44,191,71,265,120,111,26,84,74,162,2020-s47
2020-11-22,162,262,90,1843,12,8,143,232,20,212,599,56,130,313,114,40,661,12,365,62,138,371,29,201,57,306,103,106,32,83,109,181,2020-s47
2020-11-23,197,307,85,2805,16,5,162,309,26,229,740,43,131,364,132,53,785,21,509,116,199,384,72,222,59,286,144,131,28,124,113,231,2020-s48
2020-11-24,139,248,88,2404,12,7,155,282,16,211,647,59,142,304,120,48,706,23,369,90,181,361,36,179,55,243,122,117,30,111,90,162,2020-s48
2020-11-25,90,228,93,2954,21,4,134,302,16,193,653,79,154,311,151,54,780,24,380,91,262,373,39,213,67,243,170,126,37,93,134,193,2020-s48
2020-11-26,123,233,81,2394,12,17,123,288,20,180,544,47,140,289,126,55,761,14,318,88,213,331,35,178,62,231,107,131,38,90,82,165,2020-s48
2020-11-27,114,235,63,2760,5,14,111,224,18,185,671,70,128,338,117,45,829,27,361,147,201,326,42,195,64,323,129,126,30,99,55,188,2020-s48
2020-11-28,95,259,70,2936,21,16,99,185,22,199,715,66,162,317,152,52,795,16,403,111,217,334,32,182,69,302,140,121,30,90,88,172,2020-s48
2020-11-29,141,269,114,2328,6,13,80,210,22,160,660,41,131,321,128,64,750,18,324,101,166,332,39,146,73,300,129,117,56,82,80,214,2020-s48
2020-11-30,164,327,79,4473,17,10,128,295,25,238,890,78,201,383,183,71,1214,19,429,145,291,464,61,195,91,325,199,114,51,101,98,154,2020-s49
2020-12-01,146,349,113,5115,33,26,132,374,27,173,803,81,230,383,196,70,1580,29,469,137,346,459,79,213,82,421,230,150,59,110,98,238,2020-s49
2020-12-02,114,239,76,3855,9,10,81,190,17,127,542,71,165,287,142,53,1111,14,338,116,264,388,30,157,67,264,183,133,42,76,83,108,2020-s49
2020-12-03,97,250,90,3790,10,20,82,222,24,115,566,76,155,309,113,50,1091,11,354,149,212,315,35,148,56,301,183,100,33,101,75,115,2020-s49
2020-12-04,93,263,72,3862,14,14,83,201,15,108,684,81,165,289,137,47,1161,25,405,111,231,312,40,173,67,305,209,109,52,93,63,138,2020-s49
2020-12-05,89,294,69,4137,13,22,103,202,16,101,855,71,187,333,132,56,1146,27,490,121,239,355,31,187,70,398,262,142,43,108,73,130,2020-s49
2020-12-06,77,275,101,2936,9,18,77,206,14,98,613,55,145,332,119,74,928,10,462,123,174,321,34,166,84,381,187,149,43,87,79,139,2020-s49
2020-12-07,98,360,109,4886,16,31,93,265,25,146,803,87,194,305,173,74,1507,28,653,138,294,456,52,188,74,293,260,164,75,110,86,160,2020-s50
2020-12-08,90,305,102,4228,20,13,79,231,22,135,604,76,182,287,138,89,1331,18,476,107,281,392,38,179,74,280,255,144,52,80,93,114,2020-s50
2020-12-09,76,283,80,4338,20,20,75,228,21,119,631,83,175,350,132,63,1276,21,519,158,255,288,46,140,65,324,313,150,62,121,105,114,2020-s50
2020-12-10,77,321,115,5180,22,31,111,347,15,127,704,122,217,403,211,67,1474,21,556,171,311,377,52,202,83,333,346,244,85,142,75,143,2020-s50
2020-12-11,102,275,112,4523,21,14,88,218,16,100,618,84,162,315,143,52,1288,27,504,112,288,357,57,170,78,369,242,169,62,126,58,140,2020-s50
2020-12-12,68,263,102,4183,15,23,90,238,21,93,628,87,215,336,178,43,1319,18,560,126,277,362,72,199,70,420,218,176,79,114,138,150,2020-s50
2020-12-13,97,277,131,3153,9,22,81,244,23,102,595,103,180,316,176,82,1022,16,498,146,207,316,55,152,90,425,198,160,91,123,151,94,2020-s50
2020-12-14,104,304,132,5054,17,32,91,311,16,151,734,116,194,377,175,81,1578,21,575,159,354,413,71,224,82,313,311,236,104,139,106,101,2020-s51
2020-12-15,69,287,118,4965,16,20,83,294,25,136,698,81,180,405,212,114,1510,22,541,161,369,322,49,206,90,269,249,195,87,128,102,104,2020-s51
2020-12-16,79,199,92,4180,17,23,69,221,16,118,517,77,149,308,132,85,1252,11,418,170,268,254,58,179,53,280,214,176,78,126,84,97,2020-s51
2020-12-17,66,232,95,3958,13,18,62,210,26,85,497,57,149,258,148,87,1183,19,443,195,291,243,37,172,64,357,210,173,79,93,39,128,2020-s51
2020-12-18,58,238,84,4661,17,29,64,260,29,87,577,81,194,355,193,71,1399,20,508,274,318,297,52,183,75,429,245,224,65,158,51,113,2020-s51
2020-12-19,58,234,101,3648,11,23,66,190,29,83,548,69,178,357,150,63,1041,16,447,168,353,287,55,172,80,388,195,165,72,111,99,108,2020-s51
2020-12-20,70,273,145,3909,26,30,94,271,28,125,586,86,180,418,208,145,1266,22,634,234,366,378,62,213,82,409,263,180,117,157,93,104,2020-s51
2020-12-21,98,185,105,4150,15,21,55,273,23,94,517,75,142,378,150,138,1341,21,557,121,311,351,44,159,60,293,206,155,80,113,82,73,2020-s52
2020-12-22,86,179,94,3721,17,12,72,185,21,70,435,89,149,322,151,86,1193,31,451,151,315,337,41,188,55,274,228,139,101,109,72,73,2020-s52
2020-12-23,73,160,80,3705,6,6,63,206,23,55,457,86,151,345,177,115,1053,21,428,116,320,243,50,161,72,339,208,143,63,121,51,98,2020-s52
2020-12-24,63,210,114,3829,14,13,74,236,31,86,601,92,166,374,242,127,1276,26,525,269,378,360,58,168,67,329,255,208,98,145,49,107,2020-s52
2020-12-25,69,230,133,3487,21,22,75,238,26,86,707,110,208,371,248,124,1123,39,547,309,368,340,53,168,91,348,242,260,83,177,61,108,2020-s52
2020-12-26,66,269,118,3592,16,31,71,226,44,90,611,91,193,394,253,153,1177,34,597,169,370,363,61,182,98,429,258,181,112,172,98,85,2020-s52
2020-12-27,84,222,198,3561,15,21,75,262,30,87,601,99,181,460,250,145,1185,38,689,205,334,448,58,212,91,310,183,186,96,186,85,108,2020-s52
2020-12-28,105,260,163,5056,18,19,90,310,38,121,693,128,259,542,292,272,1611,34,844,184,483,529,87,255,116,330,292,286,133,209,126,106,2020-s53
2020-12-29,78,146,148,3747,19,19,60,257,30,73,473,95,204,386,164,179,1125,33,599,197,332,296,68,193,66,223,222,160,120,164,88,64,2020-s53
2020-12-30,79,175,109,3910,20,19,66,257,28,89,506,107,193,391,244,163,1208,27,570,183,394,402,62,195,96,296,226,205,104,171,87,92,2020-s53
2020-12-31,61,244,114,4493,27,36,88,268,36,77,669,175,274,550,290,208,1306,34,682,242,510,402,81,277,117,301,234,236,148,248,95,118,2020-s53
2021-01-01,107,311,257,5103,32,36,126,439,52,140,1267,188,310,783,417,415,1741,82,1145,318,596,622,120,378,218,503,387,397,141,320,110,286,2020-s53
2021-01-02,122,292,157,4361,15,49,105,342,37,124,869,160,283,651,262,276,1222,70,840,334,496,466,86,336,137,373,297,296,125,258,149,147,2020-s53
2021-01-03,109,300,228,4598,27,39,103,331,46,105,846,139,263,722,227,242,1461,69,915,303,458,538,114,338,142,375,218,288,159,236,118,123,2020-s53
2021-01-04,150,333,252,6934,17,36,119,423,66,168,1017,198,372,791,233,235,1943,66,1129,327,659,614,131,467,177,331,351,347,176,281,156,161,2021-s01
2021-01-05,139,263,224,6151,26,42,132,417,53,134,965,210,275,657,234,462,1680,71,843,279,645,581,120,350,169,309,298,295,153,253,122,170,2021-s01
2021-01-06,147,243,168,5185,24,38,64,275,66,125,788,240,249,678,248,273,1553,62,715,258,629,485,93,351,142,312,278,285,150,263,109,111,2021-s01
2021-01-07,134,229,177,5286,20,54,91,303,68,97,823,221,242,710,218,186,1527,71,792,302,543,540,89,346,166,249,270,240,131,250,84,126,2021-s01
2021-01-08,135,230,222,5373,22,35,93,324,51,136,1062,254,266,783,288,379,1554,82,759,271,608,555,88,403,189,283,339,341,134,301,82,161,2021-s01
2021-01-09,119,201,142,5251,28,46,82,272,50,113,1036,209,238,693,204,178,1421,102,627,313,498,514,104,331,166,351,348,281,147,274,99,125,2021-s01
2021-01-10,155,259,243,5484,40,54,122,327,55,182,1269,256,320,826,387,431,1701,101,952,281,620,619,116,482,199,355,257,257,158,341,135,184,2021-s01
2021-01-11,164,211,195,6375,25,42,102,335,67,122,980,229,255,741,290,321,1988,75,958,234,611,690,119,450,172,314,318,328,155,302,93,105,2021-s02
2021-01-12,144,200,189,5449,15,44,83,359,47,109,892,196,226,592,217,219,1646,67,767,221,535,549,81,366,133,240,231,291,121,282,104,103,2021-s02
2021-01-13,132,185,174,5023,18,39,90,294,51,106,808,213,206,630,191,353,1601,62,727,132,465,527,65,373,141,251,263,285,131,260,150,125,2021-s02
2021-01-14,95,187,180,4979,28,32,86,315,48,84,809,224,235,579,201,359,1539,83,732,224,532,505,67,403,133,290,279,287,111,289,61,118,2021-s02
2021-01-15,146,222,176,5585,29,43,120,388,73,152,892,205,267,700,324,421,1765,93,870,310,626,577,77,548,183,336,404,328,140,313,89,146,2021-s02
2021-01-16,147,168,149,4255,32,32,84,271,60,107,741,215,223,594,252,342,1352,90,793,238,519,530,67,402,150,290,280,262,108,267,128,105,2021-s02
2021-01-17,138,189,228,3276,29,24,77,294,60,92,738,252,189,570,201,204,1137,87,784,230,408,436,94,349,143,253,230,232,102,275,119,139,2021-s02
2021-01-18,216,197,236,5713,34,32,125,352,66,124,927,258,264,696,272,278,1844,106,1087,251,570,669,111,513,170,256,317,345,175,371,143,154,2021-s03
2021-01-19,154,164,224,4768,24,24,87,319,42,100,669,210,206,532,212,214,1505,79,742,232,453,486,99,401,128,244,261,238,106,244,143,120,2021-s03
2021-01-20,189,177,232,5707,19,28,102,379,61,108,830,238,253,589,308,722,1719,90,783,199,589,552,157,539,206,288,323,284,142,320,121,138,2021-s03
2021-01-21,127,146,176,4157,27,22,88,269,62,76,625,123,177,446,175,257,1354,71,619,176,421,380,92,417,139,190,220,211,90,220,92,135,2021-s03
2021-01-22,127,126,162,4151,27,35,102,242,54,89,624,193,235,544,210,317,1319,81,678,196,440,474,93,382,151,186,238,261,92,203,110,141,2021-s03
2021-01-23,94,150,160,3495,12,39,93,221,45,77,772,175,164,532,152,428,1048,70,610,168,457,393,88,388,140,182,288,232,93,215,117,105,2021-s03
2021-01-24,104,158,151,2898,30,43,84,237,39,84,676,206,172,418,155,153,1048,50,588,219,336,363,103,285,104,181,172,216,93,247,112,118,2021-s03
2021-01-25,121,131,208,5042,33,43,111,285,50,110,813,226,187,531,211,689,1579,73,673,269,474,496,103,404,129,180,290,255,136,243,131,106,2021-s04
2021-01-26,99,146,191,3995,21,33,62,202,36,69,529,192,125,350,128,278,1197,45,563,153,370,340,97,306,95,165,167,154,80,189,113,81,2021-s04
2021-01-27,91,107,139,3358,24,44,66,188,44,74,497,148,126,272,115,342,1085,33,450,182,365,321,75,249,99,155,168,135,71,154,91,65,2021-s04
2021-01-28,75,94,155,3424,15,39,70,198,28,79,603,160,130,289,131,672,1088,37,461,163,325,271,72,210,92,140,172,165,98,144,64,146,2021-s04
2021-01-29,83,79,76,2835,25,38,66,166,45,58,521,132,102,299,99,245,894,41,338,140,314,309,32,215,89,140,173,129,87,150,72,87,2021-s04
2021-01-30,81,88,94,2656,17,14,47,143,37,48,443,140,93,264,89,378,772,50,315,173,317,270,55,207,93,144,222,148,85,136,77,87,2021-s04
2021-01-31,83,90,137,1737,10,18,66,166,57,63,570,139,111,295,122,154,707,26,322,156,267,261,56,183,100,157,139,103,91,166,110,86,2021-s04
2021-02-01,92,121,222,3140,22,28,136,231,51,102,768,200,157,404,182,229,1066,37,564,252,532,416,77,259,151,197,275,174,136,202,117,135,2021-s05
2021-02-02,94,116,149,3255,15,25,67,178,41,85,537,150,122,269,123,470,1035,30,373,142,326,298,58,233,110,132,229,136,104,155,80,80,2021-s05
2021-02-03,68,74,115,2901,14,14,61,156,25,52,496,137,115,220,103,274,826,30,311,131,316,250,39,247,84,115,116,119,70,117,84,63,2021-s05
2021-02-04,75,85,128,2666,10,16,65,121,39,52,487,117,91,227,79,294,787,25,257,165,327,264,41,171,73,131,127,102,69,105,72,75,2021-s05
2021-02-05,83,95,108,2994,13,16,75,147,46,83,469,113,92,272,100,517,831,38,321,204,279,253,34,234,105,117,168,113,107,182,94,123,2021-s05
2021-02-06,53,81,94,2209,15,21,66,98,39,52,390,91,95,228,59,228,672,36,320,158,224,232,35,140,85,117,155,111,55,137,90,97,2021-s05
2021-02-07,64,85,142,1678,12,27,74,120,40,56,352,79,83,233,86,69,569,31,279,147,243,221,39,146,74,142,113,108,55,126,91,79,2021-s05
2021-02-08,93,84,110,3199,16,29,75,149,27,69,512,103,95,253,90,236,1021,27,283,159,290,326,39,187,113,130,201,117,77,131,107,81,2021-s06
2021-02-09,65,66,97,2449,8,19,62,117,24,67,326,100,71,189,71,76,754,20,262,161,271,227,45,149,93,102,140,83,56,99,94,54,2021-s06
2021-02-10,48,88,85,3047,20,13,88,131,24,66,404,112,97,242,80,200,866,18,248,133,308,251,40,161,98,113,194,73,73,135,92,131,2021-s06
2021-02-11,54,75,89,2116,14,11,63,77,19,41,280,73,64,183,60,144,670,27,124,97,238,232,37,119,86,76,117,62,50,108,65,69,2021-s06
2021-02-12,50,47,57,2323,9,18,70,78,42,42,322,95,60,211,68,101,704,21,159,171,234,235,49,147,85,80,161,57,49,114,73,75,2021-s06
2021-02-13,61,68,49,1868,10,14,58,90,22,36,316,83,46,186,64,91,557,19,147,148,236,268,46,141,73,91,99,42,45,89,97,77,2021-s06
2021-02-14,44,58,77,1557,14,15,47,92,24,43,350,103,77,191,63,89,559,23,158,126,190,269,43,136,75,97,97,52,31,103,69,62,2021-s06
2021-02-15,86,56,109,2852,28,18,134,130,30,70,434,96,102,246,101,162,852,22,252,166,294,339,50,168,105,99,203,78,62,139,119,80,2021-s07
2021-02-16,62,43,104,2195,15,13,90,108,20,51,310,78,75,155,59,171,688,26,161,113,254,249,45,118,59,94,125,56,54,93,121,51,2021-s07
2021-02-17,50,48,68,2134,16,14,84,73,22,46,331,66,81,178,68,166,625,24,163,91,246,204,31,102,74,75,127,64,31,87,76,44,2021-s07
2021-02-18,57,49,84,2152,12,15,86,67,22,42,335,91,100,202,106,108,646,15,197,185,252,250,39,116,69,86,128,80,46,99,87,72,2021-s07
2021-02-19,51,59,54,1946,18,14,89,104,19,47,288,93,105,189,77,221,678,22,180,185,264,294,34,159,73,75,134,81,43,124,68,54,2021-s07
2021-02-20,52,55,94,2383,21,11,114,102,25,56,388,97,90,217,88,211,657,22,233,207,321,284,52,138,89,106,142,86,45,131,101,69,2021-s07
2021-02-21,54,67,84,1372,17,12,67,89,23,19,287,77,73,160,62,105,527,24,194,128,205,264,29,104,60,62,66,69,24,79,101,50,2021-s07
2021-02-22,73,65,75,2607,13,19,82,85,16,54,319,63,89,211,68,214,758,29,224,179,270,316,27,144,80,75,160,87,45,100,112,57,2021-s08
2021-02-23,60,38,76,2167,15,7,92,51,21,33,235,79,81,172,54,145,655,15,192,145,230,251,33,130,53,61,105,61,40,78,116,26,2021-s08
2021-02-24,53,56,58,1861,12,12,80,88,18,36,220,97,79,151,64,127,580,16,159,89,221,269,30,100,58,55,92,74,36,74,99,44,2021-s08
2021-02-25,54,63,38,2198,11,12,79,69,16,35,241,76,83,142,78,191,659,17,125,112,265,254,32,95,60,84,153,92,34,99,94,65,2021-s08
2021-02-26,71,39,34,2153,31,10,89,91,12,58,241,72,87,175,59,200,654,13,153,183,252,291,34,123,79,103,141,71,50,103,70,46,2021-s08
2021-02-27,54,57,52,1679,15,14,85,66,17,48,260,78,72,125,65,91,535,16,148,180,222,262,35,136,47,72,115,76,32,99,93,57,2021-s08
2021-02-28,48,78,100,1798,23,36,109,73,13,53,296,111,98,165,75,170,618,25,192,192,283,332,39,128,71,109,136,77,41,122,128,65,2021-s08
2021-03-01,80,67,80,2953,13,12,149,97,24,60,355,137,114,182,112,261,967,22,255,177,337,402,42,162,79,141,236,107,65,128,145,94,2021-s09
2021-03-02,43,50,50,2189,15,15,78,80,15,46,171,64,75,134,47,154,640,22,155,92,214,234,35,116,66,93,126,78,40,78,99,60,2021-s09
2021-03-03,56,50,62,2021,18,10,94,54,19,52,172,80,75,143,53,104,571,14,137,91,241,273,35,100,63,103,114,56,50,95,85,53,2021-s09
2021-03-04,48,38,50,1771,15,18,80,55,11,41,144,74,62,99,47,218,539,19,128,124,180,237,20,88,70,83,98,62,39,72,69,49,2021-s09
2021-03-05,71,46,48,1879,22,19,142,50,17,54,222,78,54,111,62,209,552,19,147,136,216,246,26,107,79,113,140,59,40,115,71,54,2021-s09
2021-03-06,59,39,40,1457,11,20,83,47,20,46,158,68,36,127,49,106,467,18,124,127,211,241,35,112,63,90,114,67,29,75,71,43,2021-s09
2021-03-07,51,40,62,1200,6,30,96,51,9,36,189,61,64,111,31,97,398,21,142,124,166,210,31,98,53,91,89,67,31,55,87,49,2021-s09
2021-03-08,65,44,62,1835,18,21,105,57,18,44,250,101,66,125,68,233,569,11,164,135,202,260,33,138,57,117,129,87,49,94,92,34,2021-s10
2021-03-09,54,38,57,1673,13,14,81,45,14,33,187,56,64,91,60,89,521,17,143,97,189,243,34,94,58,115,115,45,49,56,88,28,2021-s10
2021-03-10,50,37,73,1872,19,21,106,54,15,62,187,61,53,125,78,318,567,16,137,113,228,201,36,107,68,88,116,67,44,83,81,43,2021-s10
2021-03-11,43,21,40,1451,7,13,80,30,17,27,128,61,37,90,48,124,424,10,89,58,187,153,28,83,69,84,93,44,55,58,43,23,2021-s10
2021-03-12,35,15,36,1490,11,11,82,38,9,49,166,73,47,89,58,74,439,17,115,78,182,161,33,90,72,78,84,58,50,88,62,50,2021-s10
2021-03-13,26,33,37,1158,13,14,94,38,19,33,170,59,63,91,45,70,359,15,87,91,182,174,41,80,59,81,125,45,38,73,67,38,2021-s10
2021-03-14,34,22,54,927,13,13,96,40,9,35,214,65,51,97,47,75,342,15,92,99,151,183,40,81,66,89,76,55,35,81,78,54,2021-s10
2021-03-15,105,41,82,1418,14,17,124,41,15,48,204,70,95,121,62,177,475,5,119,126,188,204,41,91,84,91,140,65,80,90,101,54,2021-s11
2021-03-16,34,40,56,1721,10,12,114,49,12,60,165,86,64,110,66,80,482,14,84,122,217,181,52,68,68,96,108,60,53,68,71,25,2021-s11
2021-03-17,48,36,62,1561,10,15,123,31,13,51,157,54,61,95,60,68,457,14,76,110,187,155,32,63,42,78,97,46,45,68,71,27,2021-s11
2021-03-18,38,42,120,1464,17,10,107,36,9,24,167,92,63,99,53,126,435,12,104,64,203,198,46,76,65,100,102,38,51,81,60,37,2021-s11
2021-03-19,32,45,62,1358,20,15,143,42,13,47,202,63,62,84,53,92,398,10,70,84,192,183,48,75,76,106,179,37,54,63,63,48,2021-s11
2021-03-20,34,49,99,1682,18,16,196,56,14,38,260,80,58,119,61,117,414,15,85,119,224,159,63,86,84,134,140,55,70,86,84,59,2021-s11
2021-03-21,33,45,59,904,15,17,108,48,7,29,158,66,40,88,50,55,337,10,58,108,154,136,41,70,62,82,63,42,40,74,68,38,2021-s11
2021-03-22,40,50,89,1684,14,13,181,55,12,40,178,62,50,101,69,84,511,9,83,68,189,147,40,113,53,81,105,59,47,82,76,44,2021-s12
2021-03-23,38,43,63,1426,15,12,173,35,13,38,194,43,64,93,59,63,432,7,84,66,155,134,28,66,57,87,74,49,40,74,69,37,2021-s12
2021-03-24,36,32,90,1197,19,10,151,40,6,47,141,57,41,64,53,65,366,5,59,56,171,141,34,86,52,87,114,55,35,62,72,29,2021-s12
2021-03-25,38,39,62,1270,11,11,132,33,8,33,171,50,41,78,75,101,384,8,72,106,148,112,46,58,57,94,91,45,24,51,44,64,2021-s12
2021-03-26,26,28,37,1095,15,18,141,42,7,27,99,63,47,86,66,58,336,4,75,59,137,119,37,77,58,89,91,59,22,49,49,32,2021-s12
2021-03-27,29,35,50,1042,16,8,128,37,6,26,120,54,55,83,65,47,283,10,87,79,165,113,25,65,50,71,80,38,17,43,50,31,2021-s12
2021-03-28,39,37,80,822,11,16,155,40,12,29,105,68,70,82,48,53,326,12,80,66,119,137,40,53,61,98,98,43,29,56,73,23,2021-s12
2021-03-29,31,41,80,1141,12,6,185,31,9,33,76,78,51,88,77,54,384,14,104,71,157,132,32,79,45,73,133,53,31,52,73,36,2021-s13
2021-03-30,42,39,55,1151,9,15,154,35,10,39,87,54,38,63,60,59,304,5,80,57,128,126,32,74,56,74,101,48,25,52,58,23,2021-s13
2021-03-31,39,25,54,946,7,12,194,30,14,23,101,67,47,74,63,52,265,15,57,45,110,118,35,71,44,65,86,49,26,43,43,20,2021-s13
2021-04-01,30,25,66,961,13,15,267,27,11,34,166,66,69,118,78,122,341,14,82,82,168,205,54,85,90,104,141,63,32,73,78,43,2021-s13
2021-04-02,35,32,32,695,9,22,191,20,13,35,126,71,50,86,61,60,266,17,74,83,122,123,43,70,53,87,107,69,44,57,78,38,2021-s13
2021-04-03,34,38,45,786,9,27,229,35,12,42,99,81,62,87,55,65,315,20,72,67,134,133,77,87,59,100,108,51,24,51,68,34,2021-s13
2021-04-04,35,31,75,956,15,14,243,29,12,60,115,75,44,115,61,61,296,15,92,61,135,132,73,75,53,101,104,60,47,46,73,30,2021-s13
2021-04-05,58,37,104,1402,20,23,309,42,14,85,135,73,68,128,61,101,485,36,110,75,168,151,69,93,87,122,144,71,41,70,66,44,2021-s14
2021-04-06,32,45,83,1130,8,14,202,38,21,40,87,66,47,102,52,63,346,18,85,54,125,120,62,75,53,101,104,53,19,75,59,19,2021-s14
2021-04-07,28,41,80,1033,5,15,192,34,15,41,104,86,66,97,57,50,341,17,78,43,144,125,45,76,65,83,99,66,39,50,40,29,2021-s14
2021-04-08,31,29,76,1022,8,17,166,35,10,37,92,78,62,80,41,50,350,21,68,48,122,105,40,77,41,90,102,51,30,56,72,36,2021-s14
2021-04-09,36,28,38,1114,13,10,197,37,19,34,74,83,57,74,46,56,319,18,84,55,117,117,65,88,57,95,92,57,33,60,57,39,2021-s14
2021-04-10,30,39,80,1118,21,21,269,57,18,46,85,84,77,88,75,210,362,17,80,86,153,104,78,117,68,99,140,66,33,61,66,44,2021-s14
2021-04-11,37,35,77,663,9,12,195,42,21,31,87,71,48,62,49,50,244,12,83,50,131,96,85,62,39,104,106,36,17,57,73,27,2021-s14
2021-04-12,49,40,72,1132,12,20,226,37,17,57,80,58,59,110,64,46,339,17,108,68,129,126,79,88,45,102,160,84,30,63,80,32,2021-s15
2021-04-13,29,36,75,947,12,16,205,31,13,41,51,53,53,63,56,43,303,17,65,37,101,90,75,80,47,53,87,70,32,63,55,32,2021-s15
2021-04-14,30,28,60,949,13,4,214,32,15,26,67,59,43,76,54,54,271,18,70,41,115,91,64,63,27,56,97,59,19,55,50,27,2021-s15
2021-04-15,27,43,65,1011,23,16,194,28,17,23,58,57,64,65,60,108,260,11,68,47,119,90,63,80,34,72,156,62,16,63,74,46,2021-s15
2021-04-16,21,30,40,857,14,11,197,47,19,47,61,56,40,77,46,55,246,14,63,47,100,105,70,76,59,68,149,69,20,52,67,37,2021-s15
2021-04-17,22,44,50,708,20,17,154,19,16,28,76,62,44,81,39,36,189,10,51,44,112,107,80,43,44,67,99,66,30,50,62,32,2021-s15
2021-04-18,30,40,68,583,12,16,149,27,19,33,102,51,37,64,46,49,215,15,63,52,108,118,73,59,41,90,100,62,15,58,60,27,2021-s15
2021-04-19,32,34,56,1101,8,25,234,26,13,44,116,65,48,86,47,52,286,24,69,44,93,112,72,73,65,99,171,71,23,75,61,37,2021-s16
2021-04-20,25,35,86,975,11,30,222,42,16,51,88,64,49,79,67,222,256,6,69,65,88,139,92,72,57,103,144,91,22,76,73,40,2021-s16
2021-04-21,24,45,73,788,28,9,140,23,20,23,70,52,35,67,48,58,206,13,72,37,88,89,63,60,45,59,92,50,22,47,62,27,2021-s16
2021-04-22,20,33,54,718,10,13,181,27,12,25,60,48,42,65,41,66,201,15,57,56,77,58,70,65,43,56,126,63,21,49,47,51,2021-s16
2021-04-23,36,32,50,758,15,17,165,20,18,33,54,48,30,77,38,52,208,6,59,22,84,74,106,61,46,61,134,64,14,42,60,21,2021-s16
2021-04-24,23,35,49,625,16,17,160,37,23,22,81,63,33,87,50,55,214,16,58,55,87,71,103,63,31,57,134,80,18,43,69,40,2021-s16
2021-04-25,25,39,49,594,32,18,162,24,15,22,67,57,23,63,47,268,204,12,68,72,94,75,111,57,39,93,124,75,10,42,95,36,2021-s16
2021-04-26,30,28,77,789,46,18,163,27,27,39,59,63,32,62,52,51,223,19,78,54,86,80,110,52,56,67,146,92,21,54,82,39,2021-s17
2021-04-27,25,27,57,831,13,8,117,38,13,15,55,56,23,57,47,62,202,8,60,37,61,62,104,56,31,50,134,93,22,33,64,21,2021-s17
2021-04-28,24,49,45,737,11,12,126,29,13,20,38,58,33,47,55,50,185,17,65,35,101,57,88,49,36,53,115,72,25,39,67,46,2021-s17
2021-04-29,18,29,49,567,18,9,102,15,22,26,41,50,20,58,36,40,206,11,60,23,64,53,84,43,36,61,115,73,9,55,39,34,2021-s17
2021-04-30,15,41,42,597,20,17,144,20,27,21,46,73,16,56,40,66,157,31,63,33,71,65,85,39,24,70,109,94,15,52,78,42,2021-s17
2021-05-01,15,42,53,424,22,11,160,37,29,31,56,90,32,77,47,203,167,24,55,54,91,77,137,56,40,84,156,109,11,44,75,32,2021-s17
2021-05-02,23,44,54,377,20,16,112,17,28,14,48,57,17,60,45,30,136,11,71,34,69,45,86,48,22,55,112,84,10,44,57,44,2021-s17
2021-05-03,24,64,69,654,20,11,137,40,27,37,47,65,22,71,46,68,205,17,100,46,50,69,142,46,35,71,131,110,12,40,80,29,2021-s18
2021-05-04,19,42,41,545,14,17,104,32,21,18,42,59,22,64,34,34,153,8,87,32,45,45,111,54,23,43,141,89,11,45,58,24,2021-s18
2021-05-05,19,55,54,608,14,21,102,26,21,15,43,71,34,69,47,126,169,18,93,99,55,41,120,47,27,50,108,107,9,44,60,31,2021-s18
2021-05-06,17,39,44,504,15,10,82,20,22,15,50,41,14,45,41,88,115,18,57,30,47,42,104,60,28,51,121,98,10,51,39,27,2021-s18
2021-05-07,16,61,31,474,17,15,84,26,17,16,33,62,16,56,35,48,144,16,65,35,37,33,123,52,37,63,131,116,5,49,39,29,2021-s18
2021-05-08,19,46,40,395,21,12,88,16,21,10,45,42,6,51,28,19,109,10,73,35,63,40,129,53,38,49,128,96,5,55,82,22,2021-s18
2021-05-09,9,63,56,250,17,6,93,29,22,17,40,42,21,48,33,8,104,10,71,31,49,24,126,36,44,54,110,80,8,41,86,15,2021-s18
2021-05-10,20,68,72,495,21,19,164,36,33,42,66,63,18,46,38,76,182,16,99,38,54,49,160,61,62,82,202,122,18,53,106,25,2021-s19
2021-05-11,18,46,44,580,14,12,76,21,20,28,39,35,11,38,30,28,160,11,83,36,35,36,140,52,42,71,117,99,14,63,71,24,2021-s19
2021-05-12,16,42,45,476,24,15,85,24,19,18,37,31,15,47,30,40,137,10,63,40,60,34,146,40,34,71,130,95,11,45,72,25,2021-s19
2021-05-13,17,42,49,464,28,16,67,23,25,14,34,33,6,41,27,55,101,14,81,21,50,21,141,49,34,64,90,101,12,58,77,10,2021-s19
2021-05-14,15,43,42,517,36,15,76,16,15,19,32,35,19,41,30,25,164,20,62,39,40,31,117,41,44,67,133,123,8,58,87,34,2021-s19
2021-05-15,9,54,57,422,61,15,85,22,21,19,47,43,16,45,27,30,177,13,72,38,69,28,146,34,50,65,220,125,16,66,122,24,2021-s19
2021-05-16,8,40,70,289,28,12,69,20,11,26,35,35,26,46,21,8,113,15,79,32,48,21,111,31,31,61,107,95,16,49,69,19,2021-s19
2021-05-17,21,54,93,519,26,12,92,18,21,33,34,39,36,70,32,24,142,23,103,32,55,41,166,46,64,64,195,145,10,103,122,25,2021-s20
2021-05-18,4,41,94,646,21,15,75,30,26,17,33,41,20,43,13,20,120,9,99,20,26,19,150,36,50,63,165,125,6,81,88,21,2021-s20
2021-05-19,10,42,78,463,19,14,54,20,23,19,22,28,13,38,27,29,102,17,73,26,42,20,148,21,53,59,137,100,14,48,98,19,2021-s20
2021-05-20,10,40,90,551,32,15,59,27,24,24,65,38,27,50,30,19,181,10,104,38,51,28,148,44,47,104,184,139,8,70,103,21,2021-s20
2021-05-21,10,36,79,488,21,16,52,14,16,14,21,51,25,48,12,28,119,14,89,28,29,34,114,37,56,71,136,109,15,53,73,8,2021-s20
2021-05-22,13,32,79,339,21,23,40,18,16,14,38,33,16,43,20,7,154,9,58,39,31,24,203,32,56,68,129,121,15,72,121,15,2021-s20
2021-05-23,9,32,119,298,18,13,51,26,13,20,26,21,16,38,12,17,108,10,113,35,30,28,117,33,46,72,128,117,21,72,171,16,2021-s20
2021-05-24,11,50,107,704,26,27,67,27,15,12,23,33,22,52,22,24,163,12,85,30,44,36,151,57,74,95,202,141,9,81,165,21,2021-s21
2021-05-25,13,47,122,628,30,13,48,24,17,22,20,25,23,46,18,12,129,15,104,25,31,31,145,44,53,80,200,130,4,83,168,11,2021-s21
2021-05-26,11,52,103,579,39,32,43,17,12,26,29,21,15,41,19,25,115,12,81,34,51,21,136,40,45,63,157,124,9,67,143,8,2021-s21
2021-05-27,6,34,74,456,43,13,30,27,13,17,21,21,12,33,17,9,110,10,92,21,34,16,144,55,51,71,158,110,20,69,128,8,2021-s21
2021-05-28,10,46,103,554,38,24,53,13,21,14,32,31,31,30,18,15,136,8,79,30,28,23,175,40,54,95,245,148,3,76,177,13,2021-s21
2021-05-29,6,37,90,378,59,19,47,13,18,8,30,23,11,38,22,12,91,16,67,17,19,10,150,29,60,77,193,113,5,61,195,9,2021-s21
2021-05-30,8,54,155,348,14,22,36,21,20,17,24,17,12,60,14,10,127,11,76,27,31,15,266,22,63,69,157,141,9,112,162,2,2021-s21
2021-05-31,8,43,149,614,26,24,46,26,19,18,28,19,16,59,14,14,140,15,99,21,39,26,184,46,62,72,216,197,7,115,259,9,2021-s22
2021-06-01,7,47,175,768,30,32,66,40,23,24,40,25,30,60,16,12,184,13,132,30,46,32,250,38,84,162,327,191,8,108,259,18,2021-s22
2021-06-02,10,33,140,613,16,30,35,18,9,13,19,27,19,34,16,16,127,18,116,23,37,13,158,33,62,80,227,139,6,85,208,8,2021-s22
2021-06-03,8,28,168,533,23,27,37,16,14,33,28,21,17,37,8,6,113,13,90,34,26,10,130,32,71,118,176,160,2,98,173,7,2021-s22
2021-06-04,6,32,163,602,27,18,31,25,12,21,38,26,17,46,2,17,129,11,97,41,26,19,146,45,89,111,260,167,7,89,188,8,2021-s22
2021-06-05,8,28,193,571,33,13,32,22,12,39,28,20,13,37,12,9,164,13,111,34,25,12,157,26,80,137,301,188,2,97,239,18,2021-s22
2021-06-06,11,42,243,523,53,29,39,33,12,13,26,22,15,52,11,12,162,17,104,38,35,12,171,32,78,148,219,192,5,108,240,5,2021-s22
2021-06-07,16,35,271,851,50,45,36,40,18,22,37,19,21,40,15,12,162,16,108,34,34,13,166,38,101,120,239,248,5,106,306,6,2021-s23
2021-06-08,5,45,262,815,59,30,39,30,13,22,32,17,12,46,21,9,150,20,106,20,35,20,164,44,93,135,294,199,4,114,233,14,2021-s23
2021-06-09,10,36,268,752,38,27,36,29,11,10,30,15,21,40,7,8,155,20,102,30,29,17,196,35,86,145,237,199,1,104,202,8,2021-s23
2021-06-10,5,36,245,809,51,35,41,24,7,13,39,20,13,54,7,13,157,6,120,37,20,15,160,25,106,174,350,245,4,111,191,15,2021-s23
2021-06-11,2,50,291,791,62,33,21,18,17,17,20,17,12,43,14,13,146,19,82,32,42,8,155,40,91,134,256,192,3,93,215,7,2021-s23
2021-06-12,9,33,306,536,72,25,26,17,8,9,30,29,15,38,7,7,188,11,70,31,37,10,183,30,139,149,302,182,7,100,249,6,2021-s23
2021-06-13,10,45,346,567,75,38,20,20,13,17,37,19,18,45,8,9,145,16,114,42,21,13,127,25,93,166,248,176,2,98,240,6,2021-s23
2021-06-14,4,46,416,956,81,41,29,36,16,27,32,8,19,65,9,14,226,34,134,39,44,20,192,50,171,188,344,269,2,122,265,7,2021-s24
2021-06-15,5,59,431,1005,57,26,28,31,10,12,32,18,25,60,14,8,239,25,114,64,31,19,177,48,168,181,305,259,12,139,222,6,2021-s24
2021-06-16,3,40,306,1022,51,31,21,23,8,14,18,30,16,58,20,19,241,17,109,51,24,15,179,28,106,129,324,226,3,124,245,1,2021-s24
2021-06-17,6,34,277,896,60,42,31,24,12,6,20,28,14,59,23,7,203,10,94,33,29,18,232,42,135,143,253,232,3,127,201,9,2021-s24
2021-06-18,4,44,378,1173,80,31,28,21,12,11,31,27,20,58,14,8,241,15,113,28,28,15,298,51,190,208,342,311,1,174,239,16,2021-s24
2021-06-19,4,43,362,1001,87,31,26,25,12,11,24,26,20,51,16,8,215,18,100,56,31,16,237,47,167,201,319,222,6,166,324,7,2021-s24
2021-06-20,9,44,431,1130,126,56,33,28,17,20,43,34,36,98,27,13,287,17,158,97,57,30,328,37,229,265,388,293,7,223,313,20,2021-s24
2021-06-21,16,56,385,1459,92,34,29,29,26,18,31,33,33,86,22,15,332,25,147,86,38,34,204,59,200,196,307,298,13,225,334,8,2021-s25
2021-06-22,12,40,334,1489,60,38,32,25,16,21,32,39,26,88,26,10,311,27,146,77,43,25,219,48,156,197,331,230,3,200,302,5,2021-s25
2021-06-23,10,40,349,1435,66,30,30,36,18,15,19,40,33,106,27,19,302,23,147,65,31,25,225,41,163,163,281,222,4,240,249,6,2021-s25
2021-06-24,5,43,277,1381,82,35,23,20,15,19,27,39,30,101,23,16,348,27,138,74,31,21,247,42,191,223,298,225,6,208,177,10,2021-s25
2021-06-25,10,49,327,1595,86,43,26,29,17,16,43,61,32,111,24,15,372,35,144,103,48,35,220,57,248,246,387,229,8,221,274,11,2021-s25
2021-06-26,6,37,371,1500,62,43,32,23,20,20,58,57,45,127,29,11,421,42,149,94,55,36,212,45,221,240,345,203,2,248,231,7,2021-s25
2021-06-27,7,43,467,1200,101,40,25,30,21,30,57,69,20,118,31,19,367,52,201,103,39,44,407,35,281,191,292,198,6,253,250,4,2021-s25
2021-06-28,6,46,385,2017,67,56,45,37,31,31,59,89,48,165,39,13,499,61,218,137,51,74,258,53,315,225,409,286,4,352,292,19,2021-s26
2021-06-29,13,38,314,1926,45,33,33,26,17,33,44,98,55,143,37,15,497,40,185,102,44,67,205,58,280,158,244,213,8,260,211,10,2021-s26
2021-06-30,13,46,313,2053,77,32,45,31,26,35,48,97,53,172,41,20,557,51,216,138,56,72,243,51,289,192,258,227,13,309,214,13,2021-s26
2021-07-01,12,41,366,2558,91,25,55,52,27,34,96,187,63,229,67,13,643,64,235,129,67,66,406,68,409,239,425,238,12,364,212,26,2021-s26
2021-07-02,14,48,273,2345,96,28,49,39,31,19,79,184,75,246,43,29,721,52,194,177,59,95,212,69,355,209,280,240,5,350,206,37,2021-s26
2021-07-03,10,57,342,2155,113,58,55,38,27,24,94,227,81,280,44,18,609,101,240,172,87,102,223,69,423,248,248,219,13,371,254,12,2021-s26
2021-07-04,16,46,328,2066,85,43,65,52,38,32,91,275,92,290,55,29,645,95,298,166,75,76,295,43,478,209,283,216,8,350,269,33,2021-s26
2021-07-05,16,49,371,3632,91,70,82,76,36,74,163,309,108,429,87,63,980,105,356,239,129,102,281,96,660,331,374,291,19,519,280,38,2021-s27
2021-07-06,20,43,340,3345,58,64,68,73,25,42,137,297,112,411,86,19,818,125,339,207,89,98,276,67,547,254,268,193,25,466,255,26,2021-s27
2021-07-07,21,43,284,3463,78,47,67,101,47,50,163,267,107,427,78,70,913,101,362,213,116,121,333,89,546,243,254,217,36,433,231,29,2021-s27
2021-07-08,19,45,290,3195,71,42,67,81,44,49,115,337,118,416,94,49,926,107,347,180,122,92,295,93,554,211,222,223,16,404,223,60,2021-s27
2021-07-09,29,50,295,3170,77,84,87,81,59,36,154,400,123,485,128,97,1004,146,357,251,130,127,375,111,599,332,327,242,24,435,235,39,2021-s27
2021-07-10,30,49,327,3928,95,102,68,129,84,86,265,571,167,617,147,53,1095,172,458,339,186,141,370,131,851,364,429,269,35,578,279,73,2021-s27
2021-07-11,35,62,271,2725,112,82,93,122,76,56,206,442,150,549,125,66,897,148,476,271,137,131,261,111,633,299,221,229,38,442,241,36,2021-s27
2021-07-12,43,47,319,4321,101,110,86,124,127,115,212,584,177,770,161,112,1443,269,659,340,146,201,392,169,787,382,364,241,33,598,227,63,2021-s28
2021-07-13,29,71,282,4268,68,103,92,122,120,92,240,439,164,662,124,83,1297,205,628,301,159,193,376,177,613,260,319,238,24,522,275,60,2021-s28
2021-07-14,39,61,243,3832,52,98,97,118,92,86,255,412,170,658,155,124,1231,255,519,279,171,195,384,160,506,296,260,215,32,483,226,71,2021-s28
2021-07-15,65,49,251,4029,83,84,90,126,114,77,368,602,204,749,198,157,1346,307,590,357,187,173,364,182,584,330,365,234,41,527,193,119,2021-s28
2021-07-16,58,63,252,3688,80,108,79,134,136,118,236,692,196,856,187,83,1509,287,529,375,199,174,391,256,619,370,323,244,32,516,188,97,2021-s28
2021-07-17,46,64,284,3573,93,122,108,148,181,103,209,760,200,1110,145,120,1367,314,594,402,210,197,385,200,632,411,344,219,44,672,252,117,2021-s28
2021-07-18,40,81,238,3120,89,104,109,154,173,137,312,816,246,923,176,82,1318,341,719,372,237,203,358,244,671,333,355,209,52,718,245,94,2021-s28
2021-07-19,69,105,283,5444,98,178,134,208,230,168,370,875,288,1138,270,285,2116,465,897,451,308,323,453,358,771,355,559,329,56,955,259,155,2021-s29
2021-07-20,53,96,260,5584,124,149,134,210,214,197,396,848,307,1089,322,121,2081,539,925,488,312,257,440,384,753,388,551,268,81,774,235,141,2021-s29
2021-07-21,61,80,196,4430,90,143,99,182,204,136,364,570,261,886,207,184,1686,355,717,364,298,256,432,342,462,322,343,221,54,671,201,82,2021-s29
2021-07-22,59,82,193,4075,90,146,126,149,226,131,287,592,274,956,272,261,1685,387,710,410,264,233,377,364,512,433,468,274,72,692,181,161,2021-s29
2021-07-23,66,81,215,4164,126,166,74,170,260,182,326,756,255,1105,312,271,1781,441,810,455,295,241,425,378,698,417,418,284,58,751,204,155,2021-s29
2021-07-24,76,94,255,4087,115,158,105,170,263,159,299,830,277,1043,227,146,1604,393,881,531,328,253,387,426,593,508,550,268,67,812,212,136,2021-s29
2021-07-25,107,87,312,3871,160,172,144,289,287,205,397,875,301,1192,278,191,1819,400,1081,634,367,289,335,479,614,475,532,329,97,885,213,171,2021-s29
2021-07-26,94,114,233,5729,139,207,129,286,361,238,433,823,349,1337,371,363,2299,460,1244,541,451,369,460,584,652,477,673,345,109,965,235,143,2021-s30
2021-07-27,79,101,217,5122,131,167,115,289,333,219,388,739,315,1258,396,296,2072,374,1134,455,421,373,522,568,457,392,711,323,90,867,209,153,2021-s30
2021-07-28,91,89,189,4655,127,153,101,285,291,219,385,648,275,1111,310,302,1860,370,975,458,401,341,554,514,389,400,594,359,100,815,200,130,2021-s30
2021-07-29,77,83,157,4164,122,166,92,255,290,193,340,612,281,911,330,277,1691,331,996,420,364,290,465,483,432,394,514,380,95,834,170,135,2021-s30
2021-07-30,95,99,180,4236,124,156,86,240,309,218,423,733,307,1074,299,331,1773,408,1019,466,440,332,441,525,419,395,620,376,87,867,218,212,2021-s30
2021-07-31,57,93,192,3534,116,178,100,225,291,168,375,754,293,1067,367,117,1455,405,935,469,352,326,428,569,440,447,603,400,81,833,226,175,2021-s30
2021-08-01,132,136,238,4362,177,175,135,394,401,325,548,1037,424,1260,480,175,1937,504,1695,665,533,428,399,740,579,530,890,465,144,1078,250,245,2021-s30
2021-08-02,139,139,195,4833,138,206,108,401,407,290,418,745,395,1259,421,190,2151,466,1473,630,599,437,536,796,437,441,791,489,136,1095,245,183,2021-s31
2021-08-03,111,113,140,4407,118,166,108,304,349,246,408,585,387,1015,426,127,1837,411,1297,492,495,415,450,730,334,334,658,428,111,859,219,159,2021-s31
2021-08-04,124,116,133,4053,154,154,96,288,336,264,433,539,367,946,354,158,1635,362,1065,413,559,367,359,627,272,373,727,396,123,781,213,190,2021-s31
2021-08-05,71,117,155,4422,150,152,92,313,261,280,556,618,345,972,390,171,1716,341,1396,518,555,391,381,693,325,440,821,491,168,859,210,222,2021-s31
2021-08-06,93,136,112,4005,164,156,108,305,343,322,545,669,401,1028,339,171,1683,440,1270,482,531,428,436,717,357,413,817,494,122,924,224,229,2021-s31
2021-08-07,123,132,129,3753,190,188,103,298,352,188,515,591,336,1105,364,203,1503,407,1241,435,581,432,376,697,288,393,837,447,131,895,236,138,2021-s31
2021-08-08,87,139,170,3495,200,143,99,316,412,279,520,627,374,1095,430,178,1571,404,1521,583,632,412,342,730,274,429,853,484,137,918,257,252,2021-s31
2021-08-09,114,156,135,4578,201,182,105,405,505,305,660,596,472,1261,449,230,2015,437,1552,524,635,517,544,936,349,463,981,579,176,1031,303,166,2021-s32
2021-08-10,129,175,143,4724,258,168,83,383,387,353,668,556,464,1159,517,223,1925,397,1662,442,762,466,339,852,330,425,1318,573,187,1080,278,229,2021-s32
2021-08-11,106,143,116,3687,191,128,65,284,336,238,602,420,382,912,385,187,1480,312,1304,426,616,387,292,703,198,342,757,460,134,760,213,147,2021-s32
2021-08-12,109,124,120,3481,166,152,74,319,325,187,467,439,349,862,355,187,1392,309,1116,388,574,397,346,661,189,337,928,521,125,707,249,199,2021-s32
2021-08-13,100,149,145,3339,187,178,78,314,345,216,509,489,346,888,366,213,1400,288,1213,355,596,459,290,693,235,461,1054,509,139,871,229,172,2021-s32
2021-08-14,101,154,135,2923,199,165,64,283,392,171,660,438,374,991,388,175,1292,289,1215,524,605,421,295,646,242,471,937,457,155,840,258,183,2021-s32
2021-08-15,127,167,137,2883,261,154,86,342,398,216,701,463,393,943,413,171,1296,306,1442,507,654,430,293,657,250,471,1013,533,190,909,272,196,2021-s32
2021-08-16,126,185,138,3727,235,199,110,366,431,277,718,428,400,1057,458,143,1694,353,1548,509,726,559,407,890,253,361,1118,560,188,892,275,132,2021-s33
2021-08-17,106,163,112,3458,196,125,56,319,313,222,553,309,365,827,382,148,1370,238,1228,397,585,437,281,635,199,334,833,477,150,657,222,131,2021-s33
2021-08-18,143,154,82,3089,184,131,75,272,333,162,571,319,312,750,360,142,1227,246,1154,476,572,418,218,650,180,370,981,529,152,660,256,168,2021-s33
2021-08-19,85,147,109,2761,171,134,86,278,260,125,496,296,277,772,312,192,1096,169,912,415,490,360,214,556,188,372,865,437,129,677,260,142,2021-s33
2021-08-20,150,187,116,3362,212,165,107,362,393,209,751,418,366,911,368,190,1323,252,1275,423,680,463,243,661,260,438,1435,663,170,894,329,211,2021-s33
2021-08-21,96,141,119,2124,168,148,60,261,315,106,520,298,269,772,265,135,950,184,964,315,502,371,323,530,176,386,837,442,136,645,276,114,2021-s33
2021-08-22,96,175,101,1901,161,97,72,247,291,184,581,249,253,759,305,169,892,178,992,375,474,339,201,398,165,340,757,435,136,716,322,113,2021-s33
2021-08-23,126,186,142,3125,199,109,76,319,324,169,653,247,322,856,348,143,1265,215,1192,359,606,442,246,638,172,376,1013,451,162,797,331,107,2021-s34
2021-08-24,116,144,92,2574,161,97,81,304,232,147,613,208,256,740,282,114,958,197,960,259,450,389,243,502,133,281,863,463,140,543,236,105,2021-s34
2021-08-25,93,154,85,2620,165,100,72,300,269,174,692,196,305,680,326,106,964,177,941,355,478,362,179,440,142,315,995,481,170,596,280,137,2021-s34
2021-08-26,82,72,68,2284,136,94,57,205,229,129,554,182,214,664,242,137,925,149,857,245,446,300,161,402,126,257,799,411,111,557,219,100,2021-s34
2021-08-27,117,113,71,2529,145,117,50,264,207,140,624,206,223,727,245,132,972,159,867,267,434,332,162,436,130,308,909,403,121,563,299,97,2021-s34
2021-08-28,93,114,119,2234,119,120,78,265,245,123,712,221,252,752,286,137,753,155,914,365,502,352,180,463,135,347,1007,469,99,574,289,128,2021-s34
2021-08-29,91,124,83,1622,145,88,67,270,214,94,568,185,237,727,231,128,820,159,938,311,464,339,187,336,118,328,647,418,129,630,281,87,2021-s34
2021-08-30,112,153,53,2495,198,108,95,363,244,196,669,229,272,825,307,132,1233,165,919,360,535,382,187,462,131,307,974,503,160,706,326,83,2021-s35
2021-08-31,110,114,78,1953,159,78,82,340,218,167,533,183,187,645,255,122,927,142,705,270,455,316,157,362,119,230,735,424,134,476,315,84,2021-s35
2021-09-01,117,135,68,2533,148,94,84,360,266,152,728,204,258,861,321,148,1080,149,850,403,615,372,153,414,123,298,1069,548,179,670,336,105,2021-s35
2021-09-02,84,113,55,2050,118,90,54,264,210,118,555,198,209,704,210,192,989,132,578,255,450,317,132,285,122,221,705,359,130,491,206,106,2021-s35
2021-09-03,79,108,52,1995,119,101,67,247,208,102,548,181,192,696,224,239,936,117,599,263,452,333,127,323,104,216,854,449,118,529,277,66,2021-s35
2021-09-04,71,113,62,1526,126,60,77,243,180,112,566,170,197,765,253,197,864,130,579,291,401,258,159,315,130,221,731,370,110,512,300,97,2021-s35
2021-09-05,61,142,81,1489,100,114,70,258,218,124,545,160,184,705,201,181,841,125,649,305,432,265,111,298,137,263,717,374,113,466,277,84,2021-s35
2021-09-06,127,138,63,2000,77,105,70,281,187,153,689,168,171,754,292,126,1242,130,644,274,497,375,121,350,112,259,824,393,129,549,300,71,2021-s36
2021-09-07,103,116,42,1759,65,105,68,230,169,127,609,103,160,582,231,95,967,116,590,219,403,293,121,313,103,199,660,368,107,438,308,57,2021-s36
2021-09-08,72,85,36,1642,80,65,75,225,180,107,592,96,146,619,220,173,872,90,537,229,357,252,105,288,95,215,587,324,84,348,279,75,2021-s36
2021-09-09,85,78,49,1566,67,91,78,181,226,99,638,118,166,615,193,149,876,88,516,257,400,202,115,259,93,221,530,251,95,369,206,89,2021-s36
2021-09-10,80,133,55,1825,75,110,82,215,191,95,756,122,177,799,227,208,1055,134,540,266,387,234,116,273,118,289,842,374,101,413,272,67,2021-s36
2021-09-11,66,89,35,1398,47,84,58,166,136,44,544,94,137,569,173,176,713,106,468,213,281,174,99,226,90,190,472,263,57,303,189,33,2021-s36
2021-09-12,60,125,58,1024,71,65,61,184,166,64,521,83,146,513,177,109,597,88,492,268,316,175,94,221,98,169,474,228,67,268,307,49,2021-s36
2021-09-13,98,127,83,1509,73,69,71,199,167,118,533,59,144,555,183,99,911,92,488,184,372,260,106,247,74,180,658,337,73,333,242,47,2021-s37
2021-09-14,63,110,52,1514,63,61,60,170,123,82,493,67,101,446,157,94,828,71,378,183,266,169,78,224,64,182,488,272,65,258,221,34,2021-s37
2021-09-15,65,129,33,1464,77,60,64,152,149,55,591,85,138,475,187,100,1112,93,385,254,302,225,105,243,89,212,641,316,68,280,274,49,2021-s37
2021-09-16,70,122,51,821,71,82,52,128,118,56,454,65,121,499,143,102,541,70,349,193,252,170,87,166,77,192,449,202,79,251,221,45,2021-s37
2021-09-17,82,143,42,1605,76,70,78,158,170,90,629,72,110,532,144,102,978,80,391,173,360,215,107,186,71,225,615,269,76,306,295,46,2021-s37
2021-09-18,60,171,31,1213,60,76,74,163,163,66,751,70,143,510,166,111,693,107,370,228,381,237,77,208,123,210,594,283,76,272,315,57,2021-s37
2021-09-19,78,200,34,1135,84,66,115,160,139,60,687,58,136,552,173,84,673,68,408,191,330,202,109,185,82,201,524,245,81,319,282,39,2021-s37
2021-09-20,123,206,32,1954,87,81,130,197,166,110,905,83,163,644,193,95,1045,87,495,199,440,199,97,281,109,218,753,358,83,334,329,64,2021-s38
2021-09-21,83,173,46,1413,54,64,81,146,132,84,612,44,112,362,124,63,699,64,282,172,258,156,88,165,63,135,449,204,59,207,243,37,2021-s38
2021-09-22,71,176,46,1389,43,35,71,145,98,76,709,38,94,339,112,101,639,63,292,150,248,166,66,230,80,126,476,191,68,190,198,53,2021-s38
2021-09-23,74,156,44,1179,39,49,64,130,80,51,520,52,93,307,95,96,744,76,296,101,240,151,57,184,65,141,410,164,41,217,157,29,2021-s38
2021-09-24,64,170,36,1356,59,78,67,162,94,47,615,61,98,352,132,100,714,56,304,152,295,143,66,175,78,174,456,222,57,227,207,60,2021-s38
2021-09-25,87,192,49,1101,64,67,105,179,110,59,661,49,98,299,122,98,555,73,325,175,272,150,80,163,92,134,446,229,49,231,235,67,2021-s38
2021-09-26,72,179,40,822,63,48,67,163,65,46,552,58,97,264,101,84,474,52,324,146,200,155,66,127,92,137,349,153,55,216,200,49,2021-s38
2021-09-27,103,218,30,1195,62,47,97,181,78,54,803,33,81,314,114,75,648,58,403,109,232,163,79,180,84,121,509,195,48,239,219,54,2021-s39
2021-09-28,63,210,35,940,42,34,84,185,71,65,512,47,69,243,86,51,557,42,302,106,203,152,59,142,66,114,365,146,50,178,150,28,2021-s39
2021-09-29,66,167,21,845,35,41,86,155,65,49,537,32,67,214,79,53,471,56,223,122,222,166,60,123,58,110,364,142,52,149,114,41,2021-s39
2021-09-30,48,153,29,665,46,27,62,142,83,57,546,37,60,269,73,64,404,58,262,120,213,152,56,131,49,130,360,176,41,169,132,33,2021-s39
2021-10-01,121,221,32,1064,67,55,135,185,103,65,713,64,82,290,109,104,651,49,318,157,248,141,52,150,76,173,451,187,44,211,158,64,2021-s39
2021-10-02,104,179,31,620,50,37,101,166,84,35,579,53,49,208,55,75,489,37,229,127,150,123,53,127,83,149,308,126,34,151,131,52,2021-s39
2021-10-03,65,197,27,614,36,31,111,167,63,33,428,23,64,178,67,76,420,43,275,103,134,134,48,123,70,123,255,117,36,150,158,43,2021-s39
2021-10-04,99,291,25,951,55,37,111,157,68,59,555,59,59,242,87,52,528,58,266,95,168,146,65,178,80,158,326,135,38,193,160,37,2021-s40
2021-10-05,73,253,20,826,38,24,91,166,63,63,479,30,68,152,66,45,441,55,242,100,179,124,47,128,62,127,296,119,44,110,125,33,2021-s40
2021-10-06,83,222,15,671,35,27,97,145,40,60,446,27,55,153,49,70,385,31,229,127,121,97,52,117,58,130,312,131,33,107,108,48,2021-s40
2021-10-07,71,217,16,607,23,21,86,105,50,48,446,25,51,169,76,65,348,33,207,64,109,125,67,120,43,129,231,123,21,84,88,41,2021-s40
2021-10-08,72,248,28,657,26,35,64,106,46,51,491,44,58,166,53,67,381,36,233,101,140,127,44,142,47,121,298,145,20,111,106,44,2021-s40
2021-10-09,62,263,20,493,37,33,130,117,47,36,564,24,50,174,53,78,353,30,193,91,137,115,61,119,45,136,220,150,17,146,119,32,2021-s40
2021-10-10,95,260,29,644,41,34,113,140,43,53,626,39,64,197,91,93,376,47,295,122,141,115,56,127,58,155,302,127,25,149,127,32,2021-s40
2021-10-11,74,272,28,706,39,28,104,171,50,53,538,19,39,163,56,47,494,30,260,81,119,129,43,143,64,131,283,140,28,102,120,28,2021-s41
2021-10-12,78,244,14,659,31,31,104,153,30,44,425,32,39,117,44,44,362,38,198,102,87,95,44,135,36,80,200,102,14,86,102,21,2021-s41
2021-10-13,67,263,16,542,23,17,103,134,17,27,341,26,34,116,36,54,296,37,195,60,116,91,36,99,24,109,193,103,16,77,82,27,2021-s41
2021-10-14,28,262,16,497,24,23,96,113,26,27,360,33,21,136,38,56,300,29,191,53,84,74,58,113,44,89,160,76,15,86,73,26,2021-s41
2021-10-15,57,298,30,703,41,27,147,123,34,35,412,36,37,122,53,61,346,20,163,96,114,91,57,131,57,130,221,119,21,84,95,25,2021-s41
2021-10-16,45,338,15,394,25,23,120,128,27,32,347,29,37,123,35,51,269,26,193,93,91,57,37,98,54,128,151,84,16,59,107,20,2021-s41
2021-10-17,36,328,32,385,23,15,127,138,32,33,407,48,47,132,25,45,241,25,163,75,87,83,34,80,40,105,136,73,17,92,92,23,2021-s41
2021-10-18,76,403,23,589,26,26,134,157,37,57,459,30,35,134,36,50,363,35,236,99,107,112,34,128,61,125,191,98,20,113,85,36,2021-s42
2021-10-19,44,381,30,554,24,15,115,142,21,30,358,52,26,114,36,29,356,23,178,95,87,93,40,106,41,124,133,82,10,59,83,20,2021-s42
2021-10-20,60,407,20,589,23,12,140,140,25,38,439,38,38,133,35,59,309,23,196,51,81,107,37,99,45,152,167,101,15,76,75,41,2021-s42
2021-10-21,32,387,20,411,14,10,89,131,30,21,308,25,29,100,19,43,270,20,144,52,59,89,26,85,31,98,127,65,9,55,73,29,2021-s42
2021-10-22,46,387,11,528,24,10,104,104,36,28,372,23,43,110,19,43,260,19,162,71,74,77,41,79,44,138,101,91,20,59,66,33,2021-s42
2021-10-23,54,424,22,363,15,13,123,77,24,29,333,29,34,102,28,28,184,15,142,72,47,58,32,99,44,139,104,63,16,59,70,23,2021-s42
2021-10-24,42,361,10,276,21,14,118,113,16,37,325,39,39,111,24,23,170,24,154,55,50,76,35,61,36,128,91,70,11,58,82,9,2021-s42
2021-10-25,79,422,16,572,24,14,124,171,24,56,425,48,48,133,33,17,488,35,173,63,75,81,25,83,62,128,138,99,17,84,98,13,2021-s43
2021-10-26,51,364,17,463,16,3,106,146,17,34,313,31,43,89,28,18,291,19,127,55,52,62,20,95,33,90,95,66,13,46,80,14,2021-s43
2021-10-27,43,354,11,372,24,10,119,116,15,38,258,30,42,86,13,21,320,15,104,32,34,44,23,64,28,88,95,52,10,41,74,20,2021-s43
2021-10-28,23,360,13,347,11,10,105,100,14,19,223,19,24,84,23,31,204,17,93,56,34,71,11,84,27,99,75,58,10,38,54,9,2021-s43
2021-10-29,23,379,16,471,11,12,119,102,7,19,238,30,28,80,17,52,247,18,129,24,46,49,19,60,27,128,90,57,6,36,72,10,2021-s43
2021-10-30,27,379,6,239,3,12,75,184,14,33,255,20,25,98,29,22,133,15,94,33,35,55,16,67,25,114,74,73,3,54,64,20,2021-s43
2021-10-31,24,406,15,236,12,6,91,118,18,29,273,29,50,91,20,27,125,13,115,43,43,65,13,53,30,153,55,52,11,44,60,16,2021-s43
2021-11-01,47,584,13,500,16,5,174,195,15,46,352,29,42,120,27,31,214,17,152,73,60,101,22,104,49,186,105,75,8,57,83,22,2021-s44
2021-11-02,39,432,11,329,6,7,123,104,7,49,280,30,39,83,16,10,156,16,105,43,44,70,18,79,38,132,81,56,6,33,75,12,2021-s44
2021-11-03,57,354,16,542,9,9,138,117,14,51,247,32,24,61,18,15,226,6,73,50,40,81,17,65,47,133,71,49,13,31,66,18,2021-s44
2021-11-04,35,329,23,397,8,10,98,130,7,26,230,28,16,61,20,29,180,13,88,75,44,63,17,71,30,152,42,49,4,32,52,19,2021-s44
2021-11-05,46,374,25,414,15,6,179,125,6,22,253,37,27,70,28,12,166,11,99,68,41,74,24,94,38,171,47,65,7,38,40,19,2021-s44
2021-11-06,37,414,23,390,7,8,142,102,10,20,262,26,20,56,20,26,158,15,94,55,41,88,14,64,47,206,55,68,6,34,57,10,2021-s44
2021-11-07,48,401,25,250,12,6,150,139,8,29,217,22,25,59,20,21,178,10,117,62,48,88,14,47,34,209,46,55,13,37,75,14,2021-s44
2021-11-08,57,400,39,486,6,6,177,178,7,38,269,18,26,55,18,12,266,15,175,47,58,92,15,123,32,156,55,82,10,22,41,21,2021-s45
2021-11-09,49,326,37,415,3,5,143,170,5,44,229,22,26,64,11,6,245,11,116,31,39,71,7,79,26,173,31,47,13,21,55,18,2021-s45
2021-11-10,59,354,47,449,5,2,145,139,6,37,260,16,22,54,8,14,244,17,125,57,27,87,8,72,36,186,58,54,13,42,42,14,2021-s45
2021-11-11,34,287,41,392,4,4,117,112,8,37,177,18,25,61,12,24,177,11,93,48,22,55,8,72,26,155,36,44,5,32,32,18,2021-s45
2021-11-12,42,301,42,289,10,6,133,130,8,36,246,18,13,57,14,31,168,12,73,41,34,46,8,69,25,202,32,31,3,28,27,17,2021-s45
2021-11-13,24,328,39,272,3,14,156,128,4,34,275,14,16,49,12,14,126,8,66,29,37,48,4,71,40,216,20,44,2,16,39,12,2021-s45
2021-11-14,42,346,46,244,8,6,157,139,2,38,203,8,16,66,15,25,128,7,90,57,30,43,8,47,28,268,31,49,6,29,44,15,2021-s45
2021-11-15,74,426,52,348,8,7,225,177,9,45,329,14,21,76,19,27,136,14,108,42,31,60,12,75,35,266,39,63,13,36,50,18,2021-s46
2021-11-16,44,432,46,343,10,2,153,159,3,53,227,8,13,53,16,7,203,10,81,32,20,51,11,84,28,184,27,49,5,33,45,23,2021-s46
2021-11-17,33,387,37,409,7,5,152,168,3,41,255,9,12,51,13,18,218,10,91,41,414,66,7,74,18,193,22,42,8,21,36,28,2021-s46
2021-11-18,43,352,32,369,3,2,168,112,1,28,262,11,9,59,9,16,183,9,99,40,165,50,7,75,34,254,25,35,11,33,24,15,2021-s46
2021-11-19,52,364,55,443,10,2,218,143,6,46,205,15,11,78,10,17,182,17,85,30,151,42,9,69,45,249,27,38,8,30,27,26,2021-s46
2021-11-20,81,432,52,378,9,8,276,167,7,27,287,38,23,88,22,24,168,14,88,58,116,44,13,74,56,311,31,54,8,30,46,22,2021-s46
2021-11-21,41,380,49,261,6,4,185,157,4,41,179,15,24,60,15,16,115,10,100,38,22,50,10,68,33,218,13,28,4,27,33,15,2021-s46
2021-11-22,52,446,34,358,8,6,247,193,4,66,248,19,15,83,22,19,140,9,95,50,28,58,4,109,41,240,26,35,4,16,46,13,2021-s47
2021-11-23,61,361,49,375,1,5,184,154,4,42,190,10,15,64,20,13,215,7,68,28,23,41,7,64,33,189,22,35,6,24,39,19,2021-s47
2021-11-24,53,354,40,315,4,0,192,130,3,43,233,5,15,59,14,14,160,3,62,29,22,36,10,65,34,203,19,26,10,19,32,11,2021-s47
2021-11-25,63,328,58,408,8,0,233,122,3,49,217,18,10,78,15,18,228,7,100,50,25,35,7,78,41,234,20,31,11,16,17,25,2021-s47
2021-11-26,38,375,50,335,2,8,219,131,3,49,176,9,11,55,12,10,183,9,58,32,19,48,9,72,29,243,26,25,5,23,18,11,2021-s47
2021-11-27,57,402,36,237,4,3,250,129,4,42,230,14,6,89,7,11,99,7,69,50,18,31,5,59,33,206,17,36,10,17,28,13,2021-s47
2021-11-28,43,460,49,304,5,3,264,190,3,46,280,17,14,75,14,12,125,11,95,31,27,51,13,67,43,240,43,53,14,20,28,25,2021-s47
2021-11-29,41,448,46,363,5,4,278,174,3,39,237,13,15,82,5,14,225,6,97,35,21,47,14,78,28,200,21,50,8,28,21,20,2021-s48
2021-11-30,66,397,31,358,0,1,257,154,2,41,206,13,17,92,15,8,113,17,76,40,24,30,7,84,45,259,19,52,8,26,28,20,2021-s48
2021-12-01,54,438,46,369,1,3,271,181,3,47,212,19,10,66,16,10,215,16,108,52,27,50,13,73,43,209,22,79,7,27,31,28,2021-s48
2021-12-02,59,387,36,351,4,6,227,114,3,31,185,3,21,72,11,8,184,8,78,18,14,33,11,74,35,190,18,50,5,21,8,18,2021-s48
2021-12-03,32,420,35,287,3,3,237,122,7,32,220,10,13,73,8,13,119,16,79,16,14,32,18,86,24,227,14,51,16,21,24,31,2021-s48
2021-12-04,38,483,24,203,4,5,228,144,4,35,224,16,14,72,9,15,116,12,70,22,20,28,8,67,27,214,18,52,2,22,21,23,2021-s48
2021-12-05,56,423,38,265,2,7,225,140,5,28,271,16,17,110,14,18,94,8,63,21,13,26,18,58,26,236,11,34,4,35,33,18,2021-s48
2021-12-06,61,452,37,333,3,8,262,169,4,49,234,12,5,111,7,18,199,18,68,14,16,37,7,111,33,230,18,63,9,24,25,23,2021-s49
2021-12-07,71,412,48,273,0,2,200,121,7,50,208,12,15,82,8,12,119,14,64,18,21,34,15,72,37,157,12,44,2,23,20,36,2021-s49
2021-12-08,97,318,51,251,2,2,205,107,1,28,180,11,14,72,9,11,169,8,51,20,21,29,8,75,29,151,11,42,4,27,15,30,2021-s49
2021-12-09,72,278,30,218,1,1,168,115,4,22,174,14,19,76,6,9,191,12,55,13,20,22,21,59,21,175,9,33,1,21,13,25,2021-s49
2021-12-10,49,305,48,473,8,3,293,144,2,30,247,19,13,89,9,24,173,12,58,9,15,17,17,74,45,252,9,34,5,21,11,43,2021-s49
2021-12-11,43,288,54,185,3,10,199,86,2,31,196,13,11,56,8,13,117,16,47,16,24,22,18,75,32,163,8,26,2,36,13,14,2021-s49
2021-12-12,69,340,79,270,2,3,245,134,0,32,215,9,17,85,10,9,122,21,90,32,19,17,30,53,38,143,7,47,7,26,17,25,2021-s49
2021-12-13,85,357,94,381,2,1,270,131,6,41,210,18,9,82,11,12,259,12,68,25,24,42,21,100,33,184,8,33,4,27,20,20,2021-s50
2021-12-14,51,292,80,348,2,3,237,106,6,44,231,12,13,86,8,20,132,21,67,19,22,39,29,72,38,130,6,32,6,18,12,15,2021-s50
2021-12-15,83,270,85,376,4,7,228,109,4,36,209,10,8,61,4,9,166,15,56,18,26,35,30,98,30,144,14,34,8,16,22,35,2021-s50
2021-12-16,53,229,107,354,3,5,155,108,4,27,190,10,19,68,9,18,100,16,62,12,24,31,31,93,32,98,8,28,1,24,8,27,2021-s50
2021-12-17,62,220,121,463,1,5,231,112,5,33,213,12,20,75,7,12,138,12,58,26,28,31,43,82,34,114,22,31,2,20,17,53,2021-s50
2021-12-18,53,267,197,434,3,4,239,102,7,38,179,25,11,82,9,22,153,17,78,42,33,32,54,81,37,135,20,32,7,36,20,34,2021-s50
2021-12-19,65,252,209,500,7,9,206,128,3,25,320,13,13,89,15,20,133,14,58,22,39,46,60,70,46,121,26,48,9,23,32,31,2021-s50
2021-12-20,101,338,314,991,6,2,300,193,8,30,320,25,36,135,12,32,274,21,135,34,67,71,102,127,63,169,47,73,11,46,45,62,2021-s51
2021-12-21,59,250,311,904,3,1,207,111,7,35,191,13,30,113,14,18,234,9,85,33,38,55,102,105,46,92,33,65,3,32,45,32,2021-s51
2021-12-22,78,207,321,907,9,5,189,120,12,38,331,18,39,97,10,24,229,17,111,17,47,57,114,135,49,97,40,54,7,22,51,51,2021-s51
2021-12-23,85,211,345,1084,11,1,210,128,14,33,304,31,34,120,21,24,279,15,132,20,26,48,145,167,59,116,30,81,10,68,64,72,2021-s51
2021-12-24,87,275,505,1346,12,12,311,150,15,46,335,29,46,169,27,49,361,13,186,44,43,73,235,190,82,169,67,123,9,26,94,103,2021-s51
2021-12-25,123,313,523,1503,18,9,458,182,20,58,530,46,74,189,32,61,373,27,283,48,69,103,327,202,86,195,73,139,14,38,104,131,2021-s51
2021-12-26,195,419,740,2094,23,17,580,260,25,73,479,69,95,286,33,48,569,45,439,73,86,164,507,266,173,233,107,171,18,58,207,117,2021-s51
2021-12-27,185,560,882,3145,25,21,641,330,31,111,480,58,138,346,50,73,758,62,562,87,145,170,666,394,213,295,143,290,27,86,272,143,2021-s52
2021-12-28,167,473,861,3155,24,20,572,342,37,112,521,71,137,333,67,56,887,77,550,92,109,157,565,454,224,237,163,356,16,90,304,179,2021-s52
2021-12-29,147,379,841,2896,19,13,477,289,44,112,396,46,101,322,44,71,722,59,435,105,110,165,557,490,207,186,140,290,17,88,255,182,2021-s52
2021-12-30,163,420,709,2953,21,22,417,330,53,152,333,52,124,395,55,103,809,72,476,95,147,177,624,608,247,301,182,390,18,123,183,295,2021-s52
2021-12-31,198,571,837,3819,70,18,666,313,93,187,554,95,156,617,61,116,1007,112,656,148,200,244,649,878,475,493,316,430,29,181,363,312,2021-s52
2022-01-01,351,912,1473,6378,144,62,1279,645,144,340,1240,228,301,1055,164,298,1578,222,1237,360,328,471,907,1481,896,771,621,770,61,305,621,826,2021-s52
2022-01-02,408,1091,1315,6230,97,103,1193,799,214,373,1157,231,359,1121,185,223,1808,295,1381,338,286,516,1234,1608,901,728,537,682,83,340,712,654,2021-s52
2022-01-03,490,1549,1884,9955,128,109,1823,1122,293,508,1653,369,540,1674,270,228,3118,440,2088,403,413,858,1618,2781,1297,1073,826,1096,132,515,1010,918,2022-s01
2022-01-04,425,1373,1388,9180,91,113,1391,1033,221,388,1496,266,469,1472,235,154,2646,396,1932,367,397,749,1396,2562,1043,917,681,1043,119,474,830,728,2022-s01
2022-01-05,420,1329,1615,10244,132,108,1452,1139,258,501,1629,307,427,1627,275,277,3021,421,1999,401,494,732,1052,2861,994,913,822,1121,127,569,765,773,2022-s01
2022-01-06,412,1330,1315,9036,175,119,1338,1118,280,534,1699,385,409,1697,295,393,2889,461,2316,531,438,696,1077,3116,966,968,897,1178,89,568,756,724,2022-s01
2022-01-07,384,1325,1713,10909,118,158,1312,1505,358,700,1950,509,486,2048,341,388,3548,512,2728,454,556,866,1303,3018,1250,1087,1255,1403,133,696,891,918,2022-s01
2022-01-08,463,1467,1302,10093,247,177,1335,1424,456,599,2100,624,608,2505,473,449,3755,638,3412,674,563,933,1508,2783,1472,1460,1613,1396,136,782,1005,876,2022-s01
2022-01-09,511,1797,1304,10875,177,264,1365,1837,465,675,2352,654,802,3053,622,511,4392,750,3589,723,683,1069,1369,2610,1608,1465,1774,1525,159,871,1085,1107,2022-s01
2022-01-10,826,2219,1841,17627,277,335,2073,2536,703,1025,3084,884,1037,3686,951,667,6841,1123,4939,875,993,1423,1795,3903,2365,1715,2740,2038,284,1266,1541,1323,2022-s02
2022-01-11,694,1764,1292,12928,215,336,1194,2109,538,835,2350,620,777,2651,801,458,5234,885,3947,774,756,1343,1230,3011,1681,1152,1978,1742,238,1005,1364,932,2022-s02
2022-01-12,518,1575,1088,11697,196,245,1024,1714,568,809,2236,493,767,2501,701,549,4669,803,3583,774,848,1312,1113,2410,1608,1084,2182,1447,201,1084,1082,780,2022-s02
2022-01-13,635,1360,1230,10747,259,287,1031,1713,530,694,1767,644,601,2270,600,634,4048,813,3360,690,784,1161,970,2280,1516,942,1987,1307,229,1107,826,691,2022-s02
2022-01-14,682,1323,1072,11061,226,321,1173,1589,654,679,1771,799,704,2376,617,554,4351,803,3338,748,885,1373,845,2213,1521,1029,2107,1361,245,1052,976,812,2022-s02
2022-01-15,512,1265,955,10578,254,364,1290,1656,700,468,2429,822,774,2430,714,575,3929,889,3622,986,977,1586,836,2233,1661,1155,2607,1203,311,1182,1180,935,2022-s02
2022-01-16,563,1339,904,9921,280,217,1124,1544,632,593,2134,673,796,2131,623,436,3988,916,3434,1168,1022,1631,780,1802,1414,1156,1942,994,366,1471,1126,766,2022-s02
2022-01-17,857,1305,1089,13696,352,416,1259,1907,676,794,2395,672,757,2371,760,443,5318,1099,4379,1149,1168,2032,791,2529,1631,1324,2569,1317,492,1574,1500,726,2022-s03
2022-01-18,712,1055,850,11746,272,338,907,1632,618,575,2263,571,690,1753,678,414,4440,968,3792,1161,1114,1870,905,2072,1180,990,2215,1156,422,1485,1261,658,2022-s03
2022-01-19,514,860,565,10168,290,156,686,1326,692,435,1828,432,551,1434,520,376,3697,792,2956,1016,1065,1322,727,1773,1150,825,1504,885,370,1319,1097,640,2022-s03
2022-01-20,425,717,826,9870,252,163,765,999,727,380,2173,626,587,1351,500,477,3154,692,2764,949,1137,1067,533,1641,1177,1009,1217,837,410,1207,830,734,2022-s03
2022-01-21,286,623,552,8073,264,189,735,1060,611,237,1724,578,496,1157,393,315,2600,635,2103,788,1061,894,419,1339,911,780,977,686,346,1108,790,489,2022-s03
2022-01-22,335,517,534,6722,275,211,583,875,628,177,1485,605,547,1207,452,374,2359,611,1966,1071,1004,954,333,1322,815,900,989,657,329,1090,830,449,2022-s03
2022-01-23,338,485,578,5995,272,206,621,1028,655,218,1545,501,555,1209,413,346,2551,536,2454,1070,1050,944,435,1077,907,768,882,636,434,1065,786,413,2022-s03
2022-01-24,482,547,603,7392,328,228,850,1084,687,368,1721,465,590,1285,485,419,3088,595,2696,1136,1256,1089,397,1381,1033,907,1069,768,548,1412,956,387,2022-s04
2022-01-25,412,428,562,7043,221,169,631,799,705,236,1828,433,580,1135,473,316,2587,539,2209,927,1064,965,317,1110,916,778,846,693,420,1101,687,297,2022-s04
2022-01-26,332,361,521,5908,225,181,477,592,702,183,1710,349,449,794,368,290,2182,449,1523,807,1050,805,215,972,722,591,634,503,405,946,570,340,2022-s04
2022-01-27,271,250,423,4271,187,141,364,421,459,135,1083,354,406,638,334,224,1587,393,1203,698,846,626,191,675,625,552,522,415,353,762,425,356,2022-s04
2022-01-28,296,276,379,4315,257,173,473,408,465,178,1096,315,390,641,324,214,1557,364,1031,642,844,608,166,584,664,564,453,393,278,686,364,202,2022-s04
2022-01-29,255,227,305,3241,164,136,358,361,444,150,1222,317,393,592,298,131,1305,376,952,533,775,497,141,465,452,484,346,334,257,683,341,207,2022-s04
2022-01-30,247,252,328,3131,164,179,387,359,557,91,1043,271,564,646,366,141,1843,365,1003,639,880,584,143,387,422,503,342,295,407,823,436,226,2022-s04
2022-01-31,407,311,360,3872,217,208,477,317,625,147,903,284,499,608,322,168,1779,362,1077,606,1007,531,168,523,455,631,424,372,406,892,418,159,2022-s05
2022-02-01,302,260,432,3985,210,175,423,325,472,133,911,278,496,550,349,121,1612,341,1011,646,936,562,157,403,425,573,431,314,333,950,441,164,2022-s05
2022-02-02,266,160,262,3017,117,110,207,241,337,95,684,181,322,401,214,96,1134,230,629,431,765,378,96,337,275,324,304,217,292,575,282,131,2022-s05
2022-02-03,174,178,216,2452,122,94,137,132,273,66,596,142,285,242,180,98,894,156,427,324,561,289,63,214,168,266,228,147,168,457,157,108,2022-s05
2022-02-04,135,138,168,1983,91,110,137,108,246,70,660,168,234,223,161,85,829,164,320,249,593,244,40,246,173,274,149,123,175,396,108,84,2022-s05
2022-02-05,245,120,159,1898,112,77,134,93,273,62,864,149,239,274,196,98,691,226,344,338,594,214,65,217,206,326,137,133,207,356,103,73,2022-s05
2022-02-06,93,98,176,1536,110,103,146,112,259,49,375,129,257,252,235,118,793,204,379,325,595,228,71,171,161,357,100,156,255,394,149,50,2022-s05
2022-02-07,161,142,249,1798,96,98,243,113,278,51,378,140,258,269,242,108,855,190,411,431,708,291,69,190,198,302,136,170,301,511,162,69,2022-s06
2022-02-08,192,144,211,2147,91,95,161,153,209,35,356,129,287,242,229,48,882,193,452,443,659,294,54,246,156,268,149,127,250,494,164,37,2022-s06
2022-02-09,169,133,174,1613,69,84,166,86,200,43,278,98,247,180,176,77,661,156,357,333,543,288,52,165,125,206,138,126,203,526,118,50,2022-s06
2022-02-10,174,95,134,1521,92,55,142,76,124,31,227,87,200,153,155,87,537,123,313,270,386,195,24,158,165,173,142,113,178,423,92,52,2022-s06
2022-02-11,139,71,127,1240,57,35,80,53,113,17,123,94,148,111,117,51,456,104,217,200,329,142,27,131,128,128,73,79,128,297,74,39,2022-s06
2022-02-12,63,63,160,992,54,27,75,46,141,19,133,74,152,141,109,26,371,124,182,200,393,162,38,123,156,171,65,62,108,295,81,19,2022-s06
2022-02-13,99,55,132,936,57,17,79,38,132,22,134,47,151,113,104,16,369,93,232,167,329,148,25,77,162,150,67,62,122,305,105,22,2022-s06
2022-02-14,188,63,136,1034,50,19,106,59,101,22,155,37,168,110,98,22,426,96,225,167,284,128,17,89,183,92,70,51,127,233,82,24,2022-s07
2022-02-15,97,42,94,851,31,16,52,32,75,20,89,31,120,48,68,6,283,47,137,105,186,84,15,44,109,58,46,26,85,180,53,20,2022-s07
2022-02-16,60,25,43,505,11,4,17,15,26,11,47,4,45,17,18,0,159,19,87,38,78,46,11,30,68,17,46,7,47,86,24,8,2022-s07
2022-02-17,7,1,9,181,2,0,0,4,2,0,2,2,3,0,5,3,51,4,24,10,20,4,1,5,5,3,1,2,6,26,1,1,2022-s07
2022-02-18,0,0,0,0,0,0,0,0,0,0,0,0,0,0,0,0,0,0,1,0,0,0,0,0,0,0,0,0,0,0,0,0,2022-s07
